	pred	prob	target	entropy	ind1	ind2	ind3	ind4	ind5	ind6	ind7	ind8	ind9	ind10	prob1	prob2	prob3	prob4	prob5	prob6	prob7	prob8	prob9	prob10	rank	epoch	suffix
0	854	0.9708573222160339	680	0.2061753273010254	854.0000	282.0000	279.0000	38.0000	899.0000	278.0000	555.0000	252.0000	909.0000	96.0000	0.9709	0.0088	0.0060	0.0022	0.0017	0.0017	0.0017	0.0012	0.0012	0.0007	106	0	
1	854	0.993882417678833	680	0.04514740779995918	854.0000	279.0000	278.0000	899.0000	909.0000	252.0000	133.0000	96.0000	471.0000	832.0000	0.9939	0.0039	0.0010	0.0005	0.0003	0.0001	0.0001	0.0000	0.0000	0.0000	69	0	
2	854	0.9399374723434448	680	0.2514860928058624	854.0000	279.0000	278.0000	471.0000	899.0000	347.0000	252.0000	909.0000	928.0000	277.0000	0.9399	0.0549	0.0037	0.0004	0.0002	0.0002	0.0002	0.0001	0.0000	0.0000	110	0	
3	499	0.20466621220111847	680	2.9677326679229736	499.0000	96.0000	832.0000	909.0000	899.0000	252.0000	38.0000	854.0000	692.0000	555.0000	0.2047	0.1425	0.0963	0.0917	0.0903	0.0700	0.0420	0.0347	0.0321	0.0246	61	0	
4	96	0.3652610778808594	680	2.791534662246704	96.0000	499.0000	282.0000	692.0000	861.0000	470.0000	37.0000	15.0000	909.0000	3.0000	0.3653	0.1677	0.1272	0.0312	0.0292	0.0242	0.0108	0.0094	0.0092	0.0089	15	1	
5	909	0.6189268827438354	680	1.116783618927002	909.0000	832.0000	96.0000	854.0000	347.0000	899.0000	567.0000	680.0000	690.0000	692.0000	0.6189	0.2591	0.0709	0.0146	0.0102	0.0048	0.0040	0.0035	0.0017	0.0014	7	1	
6	854	0.4420654773712158	680	2.2172958850860596	854.0000	347.0000	252.0000	277.0000	471.0000	690.0000	680.0000	909.0000	692.0000	899.0000	0.4421	0.1755	0.0532	0.0481	0.0339	0.0313	0.0303	0.0254	0.0229	0.0223	6	1	
7	96	0.2038019895553589	680	3.881476640701294	96.0000	347.0000	861.0000	37.0000	470.0000	941.0000	499.0000	282.0000	301.0000	644.0000	0.2038	0.0707	0.0707	0.0561	0.0428	0.0404	0.0403	0.0354	0.0229	0.0180	20	1	
8	854	0.7508548498153687	680	1.192725419998169	854.0000	499.0000	96.0000	909.0000	832.0000	853.0000	680.0000	928.0000	282.0000	54.0000	0.7509	0.0684	0.0600	0.0256	0.0153	0.0128	0.0108	0.0060	0.0046	0.0042	6	2	
9	96	0.4174886643886566	680	1.7261323928833008	96.0000	832.0000	680.0000	899.0000	909.0000	854.0000	347.0000	924.0000	567.0000	787.0000	0.4175	0.3020	0.0833	0.0441	0.0421	0.0253	0.0240	0.0152	0.0124	0.0053	2	2	
10	252	0.6943532228469849	680	1.258490800857544	252.0000	854.0000	680.0000	692.0000	832.0000	347.0000	899.0000	96.0000	98.0000	809.0000	0.6944	0.1115	0.0618	0.0371	0.0262	0.0150	0.0147	0.0082	0.0078	0.0031	2	2	
11	499	0.28624609112739563	680	3.0669596195220947	499.0000	347.0000	282.0000	924.0000	470.0000	96.0000	54.0000	122.0000	909.0000	861.0000	0.2862	0.1417	0.0877	0.0829	0.0726	0.0455	0.0295	0.0152	0.0149	0.0118	12	2	
12	909	0.3175997734069824	680	2.7155003547668457	909.0000	854.0000	38.0000	680.0000	583.0000	471.0000	347.0000	254.0000	547.0000	37.0000	0.3176	0.2241	0.1099	0.0371	0.0358	0.0282	0.0177	0.0158	0.0138	0.0114	3	3	
13	909	0.9024100303649902	680	0.5900248885154724	909.0000	899.0000	347.0000	680.0000	567.0000	832.0000	133.0000	96.0000	854.0000	924.0000	0.9024	0.0216	0.0120	0.0110	0.0075	0.0071	0.0067	0.0066	0.0057	0.0057	3	3	
14	854	0.8101637363433838	680	0.9869116544723511	854.0000	347.0000	909.0000	471.0000	690.0000	837.0000	680.0000	899.0000	326.0000	874.0000	0.8102	0.0752	0.0329	0.0107	0.0096	0.0056	0.0053	0.0049	0.0041	0.0034	6	3	
15	824	0.19588157534599304	680	4.2328386306762695	824.0000	347.0000	80.0000	861.0000	924.0000	575.0000	832.0000	573.0000	37.0000	430.0000	0.1959	0.0511	0.0462	0.0402	0.0341	0.0335	0.0330	0.0324	0.0306	0.0252	12	3	
16	499	0.2590000629425049	680	4.125871658325195	499.0000	98.0000	38.0000	282.0000	511.0000	583.0000	74.0000	575.0000	114.0000	680.0000	0.2590	0.0573	0.0413	0.0411	0.0293	0.0209	0.0192	0.0176	0.0170	0.0155	9	4	
17	96	0.5201717019081116	680	2.0480990409851074	96.0000	54.0000	909.0000	861.0000	499.0000	832.0000	375.0000	74.0000	680.0000	3.0000	0.5202	0.0927	0.0828	0.0701	0.0541	0.0207	0.0201	0.0184	0.0141	0.0115	8	4	
18	690	0.2355341762304306	680	3.2346246242523193	690.0000	114.0000	252.0000	60.0000	98.0000	122.0000	832.0000	499.0000	74.0000	679.0000	0.2355	0.1616	0.1352	0.0413	0.0293	0.0254	0.0201	0.0195	0.0185	0.0167	12	4	
19	861	0.45293283462524414	680	2.1858603954315186	861.0000	834.0000	824.0000	298.0000	396.0000	573.0000	63.0000	357.0000	470.0000	499.0000	0.4529	0.1779	0.0921	0.0535	0.0508	0.0229	0.0138	0.0135	0.0125	0.0111	33	4	
20	96	0.15213747322559357	680	3.9599411487579346	96.0000	282.0000	38.0000	854.0000	453.0000	219.0000	375.0000	551.0000	583.0000	924.0000	0.1521	0.0866	0.0665	0.0539	0.0535	0.0439	0.0371	0.0325	0.0279	0.0190	17	5	
21	96	0.7580049633979797	680	1.3256580829620361	96.0000	854.0000	375.0000	909.0000	837.0000	680.0000	278.0000	279.0000	133.0000	371.0000	0.7580	0.0364	0.0330	0.0225	0.0212	0.0186	0.0186	0.0082	0.0078	0.0072	5	5	
22	837	0.5951105356216431	680	1.1841999292373657	837.0000	854.0000	278.0000	277.0000	375.0000	680.0000	279.0000	928.0000	252.0000	909.0000	0.5951	0.2743	0.0616	0.0235	0.0119	0.0082	0.0049	0.0040	0.0026	0.0024	5	5	
23	924	0.2554081976413727	680	4.387969017028809	924.0000	122.0000	470.0000	298.0000	131.0000	680.0000	573.0000	824.0000	63.0000	37.0000	0.2554	0.0684	0.0276	0.0220	0.0199	0.0196	0.0177	0.0174	0.0173	0.0167	5	5	
24	854	0.8612301349639893	680	0.7059966325759888	854.0000	909.0000	282.0000	96.0000	133.0000	38.0000	122.0000	346.0000	680.0000	326.0000	0.8612	0.0695	0.0203	0.0077	0.0049	0.0040	0.0029	0.0026	0.0025	0.0025	8	6	
25	96	0.9631925821304321	680	0.18724554777145386	96.0000	909.0000	353.0000	854.0000	133.0000	787.0000	375.0000	680.0000	809.0000	583.0000	0.9632	0.0299	0.0039	0.0008	0.0007	0.0004	0.0002	0.0001	0.0001	0.0001	7	6	
26	854	0.8839492797851562	680	0.4399554431438446	854.0000	228.0000	909.0000	583.0000	353.0000	96.0000	133.0000	282.0000	680.0000	730.0000	0.8839	0.0991	0.0108	0.0006	0.0006	0.0005	0.0005	0.0004	0.0003	0.0002	8	6	
27	282	0.6476708650588989	680	1.3842556476593018	282.0000	854.0000	122.0000	924.0000	857.0000	832.0000	787.0000	96.0000	528.0000	874.0000	0.6477	0.2237	0.0247	0.0111	0.0108	0.0052	0.0051	0.0041	0.0040	0.0031	18	6	
28	96	0.15274645388126373	680	3.4566664695739746	96.0000	575.0000	349.0000	499.0000	832.0000	3.0000	38.0000	395.0000	98.0000	680.0000	0.1527	0.1466	0.1257	0.0405	0.0321	0.0316	0.0288	0.0287	0.0264	0.0249	9	7	
29	832	0.9622403979301453	680	0.2488984316587448	832.0000	96.0000	421.0000	567.0000	899.0000	680.0000	924.0000	74.0000	339.0000	133.0000	0.9622	0.0164	0.0056	0.0037	0.0017	0.0011	0.0011	0.0008	0.0008	0.0007	5	7	
30	854	0.799605131149292	680	1.1491305828094482	854.0000	837.0000	899.0000	680.0000	96.0000	6.0000	279.0000	783.0000	909.0000	203.0000	0.7996	0.0309	0.0232	0.0210	0.0176	0.0132	0.0086	0.0082	0.0079	0.0077	3	7	
31	824	0.19472818076610565	680	3.6066317558288574	824.0000	349.0000	941.0000	924.0000	470.0000	395.0000	299.0000	499.0000	832.0000	575.0000	0.1947	0.0936	0.0798	0.0688	0.0558	0.0516	0.0411	0.0334	0.0236	0.0202	18	7	
32	54	0.13350513577461243	680	3.858152151107788	54.0000	96.0000	364.0000	3.0000	38.0000	347.0000	133.0000	74.0000	511.0000	575.0000	0.1335	0.0933	0.0891	0.0684	0.0579	0.0466	0.0411	0.0400	0.0291	0.0276	67	8	
33	96	0.9953927993774414	680	0.0388142354786396	96.0000	567.0000	375.0000	74.0000	832.0000	609.0000	371.0000	861.0000	924.0000	133.0000	0.9954	0.0019	0.0011	0.0004	0.0002	0.0002	0.0001	0.0001	0.0001	0.0000	19	8	
34	96	0.3904205858707428	680	2.3033387660980225	96.0000	832.0000	203.0000	680.0000	228.0000	133.0000	346.0000	347.0000	690.0000	114.0000	0.3904	0.2470	0.0663	0.0456	0.0340	0.0237	0.0217	0.0190	0.0149	0.0102	3	8	
35	347	0.2629361152648926	680	2.765360116958618	347.0000	824.0000	396.0000	861.0000	924.0000	832.0000	162.0000	357.0000	45.0000	72.0000	0.2629	0.2019	0.1722	0.1223	0.0156	0.0141	0.0091	0.0091	0.0071	0.0065	25	8	
36	38	0.6875860095024109	680	1.5842307806015015	38.0000	692.0000	349.0000	98.0000	252.0000	680.0000	627.0000	13.0000	74.0000	832.0000	0.6876	0.1044	0.0254	0.0188	0.0180	0.0122	0.0117	0.0115	0.0095	0.0071	5	9	
37	96	0.9078607559204102	680	0.4377008378505707	96.0000	832.0000	347.0000	899.0000	122.0000	680.0000	353.0000	567.0000	54.0000	909.0000	0.9079	0.0600	0.0116	0.0057	0.0053	0.0022	0.0013	0.0010	0.0009	0.0006	5	9	
38	854	0.42110538482666016	680	2.164865255355835	854.0000	96.0000	899.0000	690.0000	353.0000	122.0000	346.0000	347.0000	928.0000	680.0000	0.4211	0.2904	0.0260	0.0240	0.0217	0.0214	0.0155	0.0151	0.0149	0.0133	9	9	
39	282	0.3983967900276184	680	2.867363929748535	282.0000	924.0000	45.0000	347.0000	310.0000	433.0000	122.0000	868.0000	861.0000	824.0000	0.3984	0.0820	0.0681	0.0655	0.0425	0.0359	0.0273	0.0242	0.0219	0.0165	21	9	
40	499	0.5372574329376221	680	2.670830726623535	499.0000	299.0000	575.0000	38.0000	395.0000	353.0000	675.0000	814.0000	598.0000	54.0000	0.5373	0.0702	0.0325	0.0211	0.0172	0.0172	0.0142	0.0130	0.0126	0.0113	14	10	
41	832	0.5406256318092346	680	1.4702986478805542	832.0000	924.0000	96.0000	680.0000	133.0000	690.0000	679.0000	899.0000	421.0000	353.0000	0.5406	0.2681	0.0705	0.0271	0.0264	0.0160	0.0082	0.0058	0.0046	0.0040	3	10	
42	133	0.2236558049917221	680	3.0126028060913086	133.0000	837.0000	690.0000	680.0000	96.0000	375.0000	80.0000	854.0000	353.0000	347.0000	0.2237	0.1835	0.0974	0.0593	0.0475	0.0438	0.0429	0.0291	0.0229	0.0193	3	10	
43	924	0.21211613714694977	680	4.280416011810303	924.0000	861.0000	396.0000	573.0000	824.0000	499.0000	680.0000	515.0000	299.0000	347.0000	0.2121	0.1006	0.0764	0.0257	0.0234	0.0232	0.0214	0.0175	0.0139	0.0120	6	10	
44	499	0.7723914384841919	680	1.1955047845840454	499.0000	203.0000	692.0000	498.0000	252.0000	832.0000	282.0000	98.0000	13.0000	680.0000	0.7724	0.0695	0.0408	0.0134	0.0111	0.0110	0.0109	0.0073	0.0070	0.0068	9	11	
45	832	0.9660094976425171	680	0.2231733649969101	832.0000	899.0000	680.0000	96.0000	347.0000	692.0000	98.0000	353.0000	690.0000	567.0000	0.9660	0.0109	0.0096	0.0034	0.0018	0.0015	0.0012	0.0007	0.0006	0.0005	2	11	
46	252	0.41110238432884216	680	1.7217739820480347	252.0000	692.0000	98.0000	203.0000	680.0000	832.0000	690.0000	347.0000	899.0000	96.0000	0.4111	0.2058	0.1461	0.0800	0.0664	0.0582	0.0132	0.0025	0.0024	0.0022	4	11	
47	861	0.28181272745132446	680	2.9770548343658447	861.0000	832.0000	310.0000	513.0000	347.0000	396.0000	427.0000	824.0000	795.0000	522.0000	0.2818	0.1395	0.1177	0.0468	0.0400	0.0391	0.0307	0.0294	0.0223	0.0218	23	11	
48	680	0.6705232262611389	680	1.1021729707717896	680.0000	909.0000	38.0000	203.0000	96.0000	54.0000	353.0000	133.0000	252.0000	37.0000	0.6705	0.1875	0.0875	0.0110	0.0105	0.0094	0.0040	0.0032	0.0023	0.0020	0	12	
49	832	0.9993293285369873	680	0.00651584193110466	832.0000	347.0000	899.0000	909.0000	680.0000	651.0000	353.0000	411.0000	809.0000	96.0000	0.9993	0.0003	0.0001	0.0001	0.0001	0.0000	0.0000	0.0000	0.0000	0.0000	4	12	
50	680	0.5788127183914185	680	1.9063301086425781	680.0000	832.0000	203.0000	909.0000	854.0000	278.0000	114.0000	252.0000	326.0000	98.0000	0.5788	0.1002	0.0995	0.0189	0.0177	0.0142	0.0136	0.0118	0.0110	0.0108	0	12	
51	941	0.2637796401977539	680	3.557797431945801	941.0000	924.0000	680.0000	861.0000	47.0000	396.0000	45.0000	832.0000	675.0000	371.0000	0.2638	0.1112	0.0607	0.0574	0.0514	0.0250	0.0237	0.0236	0.0216	0.0206	2	12	
52	38	0.47393542528152466	680	2.508671760559082	38.0000	54.0000	762.0000	575.0000	96.0000	818.0000	861.0000	870.0000	37.0000	499.0000	0.4739	0.0813	0.0711	0.0555	0.0434	0.0369	0.0222	0.0158	0.0152	0.0137	16	13	
53	832	0.8213964104652405	680	0.868436336517334	832.0000	96.0000	499.0000	680.0000	899.0000	252.0000	203.0000	690.0000	133.0000	3.0000	0.8214	0.0749	0.0351	0.0216	0.0068	0.0056	0.0040	0.0032	0.0021	0.0019	3	13	
54	680	0.18822406232357025	680	3.1024293899536133	680.0000	98.0000	690.0000	203.0000	252.0000	832.0000	525.0000	353.0000	710.0000	96.0000	0.1882	0.1605	0.1455	0.0998	0.0393	0.0329	0.0229	0.0214	0.0200	0.0190	0	13	
55	861	0.5713337063789368	680	2.414133071899414	861.0000	924.0000	644.0000	824.0000	532.0000	282.0000	883.0000	797.0000	488.0000	941.0000	0.5713	0.0981	0.0199	0.0190	0.0190	0.0172	0.0134	0.0125	0.0101	0.0098	12	13	
56	347	0.7114640474319458	680	1.6342248916625977	347.0000	96.0000	38.0000	98.0000	617.0000	499.0000	832.0000	252.0000	861.0000	203.0000	0.7115	0.0558	0.0508	0.0224	0.0146	0.0102	0.0093	0.0076	0.0067	0.0053	24	14	
57	347	0.5446205735206604	680	1.00099515914917	347.0000	832.0000	96.0000	567.0000	371.0000	924.0000	282.0000	909.0000	421.0000	353.0000	0.5446	0.3916	0.0342	0.0099	0.0047	0.0018	0.0015	0.0012	0.0009	0.0007	11	14	
58	347	0.5090131759643555	680	1.8274109363555908	347.0000	832.0000	680.0000	282.0000	854.0000	690.0000	252.0000	96.0000	203.0000	909.0000	0.5090	0.1325	0.0764	0.0725	0.0486	0.0426	0.0301	0.0300	0.0138	0.0089	2	14	
59	470	0.20257750153541565	680	3.1879820823669434	470.0000	45.0000	310.0000	924.0000	861.0000	347.0000	824.0000	675.0000	433.0000	81.0000	0.2026	0.1234	0.1126	0.0839	0.0755	0.0681	0.0355	0.0213	0.0184	0.0147	58	14	
60	96	0.5404157042503357	680	1.4170444011688232	96.0000	818.0000	575.0000	499.0000	54.0000	909.0000	74.0000	37.0000	680.0000	899.0000	0.5404	0.3219	0.0400	0.0137	0.0120	0.0075	0.0070	0.0042	0.0037	0.0030	8	15	
61	832	0.9808659553527832	680	0.11190994083881378	832.0000	96.0000	680.0000	98.0000	690.0000	909.0000	899.0000	692.0000	421.0000	54.0000	0.9809	0.0127	0.0056	0.0002	0.0002	0.0001	0.0001	0.0000	0.0000	0.0000	2	15	
62	680	0.761485755443573	680	1.2788562774658203	680.0000	203.0000	252.0000	98.0000	899.0000	832.0000	837.0000	37.0000	349.0000	854.0000	0.7615	0.0408	0.0339	0.0193	0.0176	0.0129	0.0119	0.0111	0.0105	0.0095	0	15	
63	96	0.1374346911907196	680	4.2396955490112305	96.0000	245.0000	924.0000	861.0000	680.0000	908.0000	832.0000	814.0000	941.0000	44.0000	0.1374	0.0694	0.0579	0.0545	0.0480	0.0416	0.0270	0.0253	0.0247	0.0215	4	15	
64	38	0.2398194521665573	680	3.6283321380615234	38.0000	96.0000	861.0000	299.0000	499.0000	617.0000	675.0000	575.0000	412.0000	63.0000	0.2398	0.0771	0.0655	0.0530	0.0378	0.0329	0.0302	0.0274	0.0260	0.0241	22	16	
65	832	0.86910080909729	680	0.46284914016723633	832.0000	96.0000	861.0000	692.0000	347.0000	680.0000	690.0000	98.0000	203.0000	421.0000	0.8691	0.1174	0.0034	0.0026	0.0025	0.0017	0.0007	0.0004	0.0003	0.0002	5	16	
66	854	0.8176777362823486	680	0.9936827421188354	854.0000	252.0000	690.0000	347.0000	326.0000	692.0000	6.0000	680.0000	277.0000	203.0000	0.8177	0.0289	0.0256	0.0215	0.0183	0.0144	0.0115	0.0096	0.0082	0.0074	7	16	
67	861	0.6394162774085999	680	1.9281065464019775	861.0000	354.0000	522.0000	528.0000	205.0000	582.0000	310.0000	347.0000	371.0000	630.0000	0.6394	0.0803	0.0586	0.0245	0.0156	0.0131	0.0117	0.0098	0.0081	0.0075	35	16	
68	575	0.08966653794050217	680	4.5031418800354	575.0000	499.0000	371.0000	347.0000	96.0000	98.0000	395.0000	353.0000	203.0000	148.0000	0.0897	0.0786	0.0517	0.0483	0.0428	0.0343	0.0319	0.0287	0.0258	0.0207	18	17	
69	832	0.969566285610199	680	0.1878442019224167	832.0000	347.0000	96.0000	499.0000	122.0000	567.0000	861.0000	899.0000	824.0000	371.0000	0.9696	0.0147	0.0078	0.0028	0.0013	0.0008	0.0008	0.0004	0.0003	0.0002	10	17	
70	347	0.24306131899356842	680	3.0958733558654785	347.0000	277.0000	203.0000	96.0000	837.0000	899.0000	854.0000	278.0000	6.0000	583.0000	0.2431	0.1058	0.1044	0.1024	0.0746	0.0551	0.0517	0.0205	0.0204	0.0173	10	17	
71	282	0.19892145693302155	680	3.1509149074554443	282.0000	347.0000	861.0000	81.0000	924.0000	499.0000	483.0000	371.0000	832.0000	797.0000	0.1989	0.1260	0.1036	0.0905	0.0884	0.0597	0.0403	0.0300	0.0219	0.0205	15	17	
72	347	0.18060562014579773	680	3.493246078491211	347.0000	575.0000	499.0000	37.0000	38.0000	395.0000	675.0000	203.0000	818.0000	353.0000	0.1806	0.1274	0.0842	0.0718	0.0612	0.0351	0.0309	0.0243	0.0221	0.0201	17	18	
73	96	0.4956216812133789	680	1.6053972244262695	96.0000	347.0000	832.0000	909.0000	680.0000	375.0000	609.0000	924.0000	567.0000	353.0000	0.4956	0.2725	0.0917	0.0283	0.0212	0.0208	0.0177	0.0058	0.0051	0.0035	4	18	
74	347	0.32822608947753906	680	2.9441919326782227	347.0000	203.0000	690.0000	680.0000	114.0000	837.0000	96.0000	854.0000	122.0000	638.0000	0.3282	0.0994	0.0861	0.0858	0.0753	0.0302	0.0224	0.0191	0.0183	0.0177	3	18	
75	528	0.5050146579742432	680	2.443875312805176	528.0000	924.0000	861.0000	282.0000	868.0000	131.0000	797.0000	675.0000	396.0000	893.0000	0.5050	0.0882	0.0614	0.0448	0.0407	0.0331	0.0138	0.0135	0.0132	0.0128	45	18	
76	680	0.2709932029247284	680	2.696498394012451	680.0000	203.0000	575.0000	583.0000	96.0000	899.0000	98.0000	861.0000	395.0000	349.0000	0.2710	0.1928	0.0974	0.0957	0.0628	0.0329	0.0249	0.0247	0.0184	0.0136	0	19	
77	96	0.8721964359283447	680	0.6180864572525024	96.0000	680.0000	832.0000	899.0000	909.0000	203.0000	583.0000	609.0000	71.0000	421.0000	0.8722	0.0467	0.0291	0.0287	0.0072	0.0029	0.0026	0.0015	0.0013	0.0011	1	19	
78	680	0.29878485202789307	680	1.9354312419891357	680.0000	690.0000	203.0000	854.0000	278.0000	277.0000	692.0000	832.0000	252.0000	96.0000	0.2988	0.2198	0.1654	0.1032	0.1001	0.0463	0.0140	0.0140	0.0135	0.0079	0	19	
79	245	0.31881773471832275	680	2.6912381649017334	245.0000	171.0000	861.0000	205.0000	924.0000	395.0000	868.0000	908.0000	310.0000	883.0000	0.3188	0.2617	0.0637	0.0332	0.0261	0.0256	0.0240	0.0229	0.0147	0.0147	46	19	
80	347	0.41742345690727234	680	2.6445584297180176	347.0000	395.0000	96.0000	54.0000	74.0000	239.0000	575.0000	38.0000	3.0000	887.0000	0.4174	0.1994	0.0816	0.0255	0.0149	0.0145	0.0124	0.0109	0.0097	0.0087	177	20	
81	96	0.9546948671340942	680	0.24612808227539062	96.0000	567.0000	347.0000	832.0000	899.0000	54.0000	861.0000	909.0000	74.0000	371.0000	0.9547	0.0194	0.0157	0.0077	0.0005	0.0003	0.0002	0.0002	0.0001	0.0001	12	20	
82	854	0.28452056646347046	680	2.3888754844665527	854.0000	680.0000	837.0000	692.0000	96.0000	899.0000	690.0000	252.0000	347.0000	203.0000	0.2845	0.1626	0.1217	0.1051	0.0723	0.0410	0.0394	0.0271	0.0230	0.0221	1	20	
83	310	0.8273954391479492	680	0.8828607201576233	310.0000	433.0000	395.0000	582.0000	171.0000	824.0000	396.0000	427.0000	924.0000	347.0000	0.8274	0.0832	0.0142	0.0087	0.0086	0.0085	0.0081	0.0051	0.0050	0.0024	153	20	
84	364	0.15749233961105347	680	3.68790864944458	364.0000	575.0000	38.0000	203.0000	870.0000	617.0000	285.0000	96.0000	489.0000	509.0000	0.1575	0.1163	0.0905	0.0607	0.0578	0.0368	0.0344	0.0340	0.0302	0.0287	106	21	
85	347	0.47092121839523315	680	1.385202169418335	347.0000	899.0000	832.0000	679.0000	203.0000	609.0000	909.0000	96.0000	421.0000	680.0000	0.4709	0.2985	0.1515	0.0252	0.0144	0.0090	0.0078	0.0050	0.0031	0.0031	9	21	
86	203	0.22626478970050812	680	2.546013355255127	203.0000	854.0000	347.0000	837.0000	278.0000	326.0000	638.0000	6.0000	270.0000	33.0000	0.2263	0.1829	0.1622	0.1014	0.0667	0.0473	0.0363	0.0304	0.0245	0.0207	22	21	
87	347	0.49544134736061096	680	2.4781994819641113	347.0000	861.0000	824.0000	396.0000	371.0000	395.0000	528.0000	531.0000	883.0000	710.0000	0.4954	0.1457	0.0665	0.0321	0.0279	0.0110	0.0106	0.0081	0.0080	0.0079	27	21	
88	818	0.4967007339000702	680	2.0693459510803223	818.0000	96.0000	203.0000	899.0000	38.0000	74.0000	282.0000	499.0000	575.0000	133.0000	0.4967	0.1645	0.0730	0.0383	0.0363	0.0314	0.0240	0.0196	0.0133	0.0093	24	22	
89	96	0.6562647819519043	680	1.1041390895843506	96.0000	899.0000	909.0000	818.0000	567.0000	375.0000	133.0000	371.0000	679.0000	71.0000	0.6563	0.2213	0.0512	0.0239	0.0178	0.0078	0.0070	0.0024	0.0018	0.0017	12	22	
90	818	0.31374868750572205	680	2.1383092403411865	818.0000	228.0000	837.0000	277.0000	203.0000	278.0000	279.0000	854.0000	899.0000	680.0000	0.3137	0.2318	0.0999	0.0887	0.0825	0.0536	0.0293	0.0242	0.0135	0.0104	9	22	
91	371	0.592244029045105	680	2.1538660526275635	371.0000	96.0000	45.0000	71.0000	205.0000	466.0000	353.0000	868.0000	245.0000	924.0000	0.5922	0.0849	0.0372	0.0317	0.0311	0.0147	0.0145	0.0132	0.0113	0.0101	40	22	
92	499	0.41825351119041443	680	3.0414750576019287	499.0000	282.0000	824.0000	347.0000	870.0000	38.0000	617.0000	627.0000	13.0000	205.0000	0.4183	0.0985	0.0641	0.0243	0.0227	0.0201	0.0183	0.0175	0.0132	0.0129	20	23	
93	96	0.4207967221736908	680	1.8339152336120605	96.0000	832.0000	909.0000	371.0000	899.0000	680.0000	122.0000	347.0000	375.0000	353.0000	0.4208	0.2264	0.1732	0.0275	0.0254	0.0226	0.0170	0.0155	0.0103	0.0090	5	23	
94	515	0.3355162441730499	680	2.864948034286499	515.0000	832.0000	98.0000	679.0000	680.0000	899.0000	456.0000	692.0000	924.0000	96.0000	0.3355	0.1051	0.0830	0.0598	0.0528	0.0473	0.0289	0.0248	0.0243	0.0242	4	23	
95	824	0.31068694591522217	680	2.637998580932617	824.0000	433.0000	861.0000	371.0000	499.0000	357.0000	310.0000	515.0000	573.0000	347.0000	0.3107	0.2786	0.0657	0.0637	0.0220	0.0214	0.0150	0.0125	0.0109	0.0106	16	23	
96	499	0.2999360263347626	680	2.380619525909424	499.0000	395.0000	349.0000	692.0000	834.0000	737.0000	832.0000	824.0000	412.0000	96.0000	0.2999	0.2326	0.1530	0.0643	0.0492	0.0298	0.0129	0.0102	0.0097	0.0079	39	24	
97	832	0.763592541217804	680	1.1751446723937988	832.0000	899.0000	583.0000	96.0000	421.0000	353.0000	349.0000	375.0000	371.0000	924.0000	0.7636	0.0730	0.0268	0.0171	0.0160	0.0136	0.0111	0.0110	0.0109	0.0101	13	24	
98	832	0.4342123866081238	680	2.5072100162506104	832.0000	203.0000	252.0000	679.0000	277.0000	680.0000	692.0000	899.0000	783.0000	96.0000	0.4342	0.1046	0.0540	0.0514	0.0430	0.0411	0.0334	0.0304	0.0188	0.0152	5	24	
99	347	0.24799677729606628	680	3.0450186729431152	347.0000	924.0000	282.0000	371.0000	861.0000	834.0000	499.0000	832.0000	310.0000	883.0000	0.2480	0.1878	0.1035	0.0742	0.0549	0.0351	0.0220	0.0178	0.0163	0.0137	25	24	
100	54	0.21067370474338531	680	3.8683156967163086	54.0000	13.0000	818.0000	499.0000	737.0000	203.0000	349.0000	627.0000	74.0000	575.0000	0.2107	0.0667	0.0667	0.0601	0.0594	0.0529	0.0379	0.0256	0.0229	0.0162	59	25	
101	832	0.6165251135826111	680	1.2137768268585205	832.0000	96.0000	909.0000	679.0000	899.0000	567.0000	133.0000	375.0000	3.0000	371.0000	0.6165	0.2402	0.0472	0.0289	0.0276	0.0153	0.0075	0.0028	0.0014	0.0013	11	25	
102	854	0.20293490588665009	680	3.0445590019226074	854.0000	122.0000	680.0000	347.0000	837.0000	899.0000	679.0000	783.0000	326.0000	98.0000	0.2029	0.1174	0.0929	0.0717	0.0610	0.0479	0.0392	0.0389	0.0354	0.0331	2	25	
103	861	0.24593093991279602	680	3.519680976867676	861.0000	824.0000	832.0000	834.0000	298.0000	347.0000	499.0000	707.0000	5.0000	833.0000	0.2459	0.1241	0.1200	0.0332	0.0268	0.0246	0.0214	0.0206	0.0168	0.0147	30	25	
104	853	0.30094191431999207	680	1.9967694282531738	853.0000	38.0000	54.0000	96.0000	870.0000	252.0000	364.0000	331.0000	909.0000	74.0000	0.3009	0.2834	0.1512	0.1369	0.0283	0.0087	0.0080	0.0066	0.0062	0.0056	37	26	
105	832	0.45952194929122925	680	1.9077105522155762	832.0000	899.0000	924.0000	371.0000	96.0000	567.0000	861.0000	609.0000	680.0000	679.0000	0.4595	0.1894	0.1376	0.0506	0.0247	0.0242	0.0145	0.0143	0.0114	0.0105	8	26	
106	899	0.21762843430042267	680	2.8254575729370117	899.0000	252.0000	854.0000	353.0000	783.0000	680.0000	818.0000	203.0000	809.0000	347.0000	0.2176	0.1709	0.1017	0.0752	0.0532	0.0466	0.0456	0.0414	0.0404	0.0370	5	26	
107	924	0.29056909680366516	680	2.4014053344726562	924.0000	371.0000	861.0000	347.0000	824.0000	573.0000	310.0000	63.0000	349.0000	583.0000	0.2906	0.2780	0.1430	0.0521	0.0387	0.0227	0.0203	0.0137	0.0100	0.0098	12	26	
108	38	0.317082017660141	680	2.70540452003479	38.0000	54.0000	96.0000	499.0000	853.0000	818.0000	364.0000	347.0000	737.0000	13.0000	0.3171	0.2245	0.0960	0.0560	0.0374	0.0234	0.0218	0.0211	0.0205	0.0161	34	27	
109	96	0.3538356423377991	680	2.5868260860443115	96.0000	832.0000	690.0000	347.0000	567.0000	421.0000	924.0000	54.0000	861.0000	679.0000	0.3538	0.1714	0.0576	0.0569	0.0460	0.0459	0.0346	0.0338	0.0269	0.0231	14	27	
110	252	0.37341323494911194	680	2.4695539474487305	252.0000	203.0000	854.0000	680.0000	347.0000	837.0000	690.0000	692.0000	899.0000	114.0000	0.3734	0.1405	0.1343	0.0648	0.0463	0.0427	0.0231	0.0218	0.0116	0.0115	3	27	
111	347	0.21820753812789917	680	3.592268466949463	347.0000	310.0000	299.0000	824.0000	834.0000	861.0000	65.0000	924.0000	54.0000	5.0000	0.2182	0.1419	0.0623	0.0567	0.0555	0.0484	0.0355	0.0168	0.0145	0.0132	39	27	
112	282	0.981187641620636	680	0.14166554808616638	282.0000	349.0000	96.0000	252.0000	499.0000	346.0000	38.0000	13.0000	690.0000	692.0000	0.9812	0.0092	0.0012	0.0010	0.0006	0.0006	0.0006	0.0006	0.0005	0.0005	36	28	
113	832	0.9444314241409302	680	0.33718621730804443	832.0000	371.0000	347.0000	854.0000	96.0000	909.0000	282.0000	924.0000	690.0000	652.0000	0.9444	0.0237	0.0076	0.0059	0.0031	0.0028	0.0022	0.0022	0.0012	0.0009	13	28	
114	395	0.550618588924408	680	2.1815929412841797	395.0000	690.0000	203.0000	712.0000	638.0000	854.0000	349.0000	674.0000	65.0000	756.0000	0.5506	0.1013	0.0495	0.0327	0.0288	0.0229	0.0201	0.0177	0.0144	0.0131	89	28	
115	371	0.16429193317890167	680	3.548253297805786	371.0000	347.0000	282.0000	205.0000	310.0000	824.0000	349.0000	45.0000	908.0000	299.0000	0.1643	0.1039	0.0701	0.0683	0.0610	0.0390	0.0381	0.0377	0.0321	0.0318	99	28	
116	96	0.7800260186195374	680	0.970718502998352	96.0000	54.0000	38.0000	853.0000	899.0000	252.0000	617.0000	349.0000	680.0000	395.0000	0.7800	0.0885	0.0681	0.0136	0.0065	0.0056	0.0048	0.0047	0.0040	0.0029	8	29	
117	832	0.8449538350105286	680	0.6794335246086121	832.0000	96.0000	567.0000	54.0000	680.0000	353.0000	899.0000	651.0000	371.0000	853.0000	0.8450	0.0625	0.0491	0.0213	0.0062	0.0049	0.0032	0.0032	0.0008	0.0006	4	29	
118	899	0.244254469871521	680	2.388920307159424	899.0000	203.0000	680.0000	277.0000	832.0000	854.0000	252.0000	692.0000	690.0000	60.0000	0.2443	0.1948	0.1671	0.0808	0.0561	0.0555	0.0489	0.0414	0.0171	0.0148	2	29	
119	395	0.29076558351516724	680	2.9972715377807617	395.0000	832.0000	96.0000	834.0000	371.0000	470.0000	205.0000	861.0000	528.0000	924.0000	0.2908	0.1665	0.0654	0.0494	0.0448	0.0405	0.0381	0.0271	0.0236	0.0170	39	29	
120	853	0.16878429055213928	680	3.1521215438842773	853.0000	412.0000	54.0000	349.0000	583.0000	96.0000	38.0000	575.0000	63.0000	395.0000	0.1688	0.0996	0.0934	0.0888	0.0846	0.0660	0.0624	0.0355	0.0320	0.0253	28	30	
121	832	0.8217150568962097	680	0.6629372835159302	832.0000	96.0000	567.0000	371.0000	899.0000	861.0000	353.0000	54.0000	680.0000	651.0000	0.8217	0.1350	0.0159	0.0075	0.0046	0.0038	0.0033	0.0023	0.0011	0.0009	8	30	
122	203	0.36015450954437256	680	2.4026124477386475	203.0000	680.0000	832.0000	899.0000	854.0000	252.0000	690.0000	277.0000	347.0000	679.0000	0.3602	0.1256	0.1000	0.0874	0.0758	0.0645	0.0353	0.0201	0.0176	0.0108	1	30	
123	245	0.1460849940776825	680	3.8521580696105957	245.0000	861.0000	433.0000	371.0000	924.0000	205.0000	582.0000	347.0000	427.0000	528.0000	0.1461	0.1121	0.0538	0.0534	0.0479	0.0448	0.0317	0.0306	0.0224	0.0216	139	30	
124	38	0.3798350989818573	680	2.2116129398345947	38.0000	853.0000	96.0000	54.0000	412.0000	349.0000	575.0000	252.0000	583.0000	617.0000	0.3798	0.1551	0.1350	0.0736	0.0682	0.0487	0.0205	0.0116	0.0106	0.0103	19	31	
125	832	0.7145093679428101	680	0.769721269607544	832.0000	96.0000	567.0000	371.0000	861.0000	899.0000	680.0000	353.0000	54.0000	651.0000	0.7145	0.2552	0.0077	0.0061	0.0038	0.0030	0.0021	0.0020	0.0010	0.0007	6	31	
126	203	0.6660072803497314	680	1.569154977798462	203.0000	680.0000	832.0000	899.0000	252.0000	690.0000	854.0000	277.0000	96.0000	679.0000	0.6660	0.0718	0.0501	0.0356	0.0352	0.0270	0.0265	0.0116	0.0093	0.0080	1	31	
127	245	0.11340568959712982	680	3.5456128120422363	245.0000	861.0000	205.0000	371.0000	433.0000	582.0000	528.0000	924.0000	347.0000	824.0000	0.1134	0.1016	0.0988	0.0931	0.0674	0.0607	0.0492	0.0425	0.0358	0.0241	102	31	
128	96	0.32625555992126465	680	2.178530216217041	96.0000	38.0000	54.0000	853.0000	575.0000	349.0000	617.0000	412.0000	203.0000	252.0000	0.3263	0.2334	0.0995	0.0989	0.0693	0.0460	0.0224	0.0223	0.0085	0.0066	28	32	
129	832	0.8034392595291138	680	0.6296846866607666	832.0000	96.0000	371.0000	567.0000	861.0000	899.0000	353.0000	680.0000	651.0000	679.0000	0.8034	0.1705	0.0095	0.0054	0.0032	0.0025	0.0012	0.0005	0.0004	0.0003	7	32	
130	203	0.6489688754081726	680	1.5893348455429077	203.0000	680.0000	832.0000	252.0000	899.0000	690.0000	854.0000	692.0000	837.0000	679.0000	0.6490	0.0822	0.0564	0.0421	0.0354	0.0292	0.0261	0.0067	0.0067	0.0060	1	32	
131	371	0.19553206861019135	680	3.317385673522949	371.0000	433.0000	861.0000	924.0000	245.0000	528.0000	582.0000	205.0000	310.0000	427.0000	0.1955	0.1236	0.0671	0.0572	0.0543	0.0500	0.0421	0.0392	0.0357	0.0303	130	32	
132	575	0.47265690565109253	680	2.106107234954834	575.0000	349.0000	412.0000	583.0000	675.0000	54.0000	203.0000	853.0000	395.0000	38.0000	0.4727	0.1542	0.0939	0.0464	0.0301	0.0282	0.0211	0.0208	0.0186	0.0164	33	33	
133	832	0.5782742500305176	680	1.085599660873413	832.0000	96.0000	371.0000	567.0000	861.0000	353.0000	899.0000	680.0000	651.0000	679.0000	0.5783	0.3256	0.0556	0.0108	0.0066	0.0047	0.0040	0.0012	0.0012	0.0011	7	33	
134	203	0.7084155678749084	680	1.385786771774292	203.0000	680.0000	252.0000	832.0000	854.0000	690.0000	899.0000	277.0000	98.0000	456.0000	0.7084	0.0822	0.0335	0.0322	0.0312	0.0290	0.0130	0.0078	0.0070	0.0056	1	33	
135	371	0.1273878514766693	680	3.3372321128845215	371.0000	205.0000	433.0000	582.0000	528.0000	924.0000	245.0000	171.0000	861.0000	310.0000	0.1274	0.1168	0.1165	0.1094	0.0672	0.0461	0.0415	0.0408	0.0379	0.0314	116	33	
136	38	0.43696683645248413	680	1.8661357164382935	38.0000	54.0000	349.0000	575.0000	412.0000	96.0000	853.0000	74.0000	395.0000	617.0000	0.4370	0.2612	0.0670	0.0493	0.0433	0.0393	0.0320	0.0068	0.0064	0.0052	30	34	
137	96	0.5588842630386353	680	1.048153042793274	96.0000	832.0000	371.0000	861.0000	899.0000	353.0000	567.0000	121.0000	680.0000	375.0000	0.5589	0.3583	0.0475	0.0090	0.0063	0.0049	0.0033	0.0018	0.0015	0.0011	8	34	
138	203	0.5270137786865234	680	1.8007745742797852	203.0000	680.0000	854.0000	252.0000	832.0000	899.0000	690.0000	277.0000	353.0000	98.0000	0.5270	0.1794	0.0644	0.0483	0.0398	0.0337	0.0199	0.0122	0.0092	0.0087	1	34	
139	371	0.17138175666332245	680	3.4232401847839355	371.0000	861.0000	433.0000	528.0000	924.0000	245.0000	582.0000	205.0000	310.0000	171.0000	0.1714	0.1017	0.0831	0.0700	0.0642	0.0508	0.0470	0.0435	0.0394	0.0255	92	34	
140	575	0.3190160095691681	680	2.359165668487549	575.0000	38.0000	96.0000	54.0000	853.0000	349.0000	675.0000	364.0000	412.0000	617.0000	0.3190	0.1765	0.1538	0.0882	0.0428	0.0347	0.0301	0.0194	0.0173	0.0156	37	35	
141	832	0.765587329864502	680	0.8412618041038513	832.0000	96.0000	371.0000	861.0000	353.0000	392.0000	651.0000	680.0000	899.0000	54.0000	0.7656	0.1633	0.0378	0.0058	0.0052	0.0024	0.0023	0.0022	0.0020	0.0015	7	35	
142	203	0.5871859788894653	680	1.5883457660675049	203.0000	680.0000	854.0000	832.0000	252.0000	690.0000	277.0000	98.0000	899.0000	353.0000	0.5872	0.1596	0.0721	0.0474	0.0312	0.0279	0.0181	0.0072	0.0070	0.0041	1	35	
143	433	0.12770842015743256	680	3.6556220054626465	433.0000	371.0000	205.0000	171.0000	245.0000	924.0000	354.0000	861.0000	310.0000	528.0000	0.1277	0.0944	0.0663	0.0565	0.0471	0.0443	0.0434	0.0397	0.0386	0.0377	101	35	
144	575	0.4732941687107086	680	2.0830721855163574	575.0000	349.0000	412.0000	54.0000	96.0000	853.0000	675.0000	203.0000	583.0000	38.0000	0.4733	0.1204	0.1132	0.0618	0.0399	0.0339	0.0211	0.0204	0.0150	0.0145	31	36	
145	832	0.8802854418754578	680	0.5098414421081543	832.0000	96.0000	371.0000	861.0000	353.0000	567.0000	899.0000	680.0000	392.0000	121.0000	0.8803	0.0824	0.0207	0.0067	0.0015	0.0011	0.0008	0.0007	0.0006	0.0005	7	36	
146	203	0.7767417430877686	680	1.0447934865951538	203.0000	680.0000	832.0000	854.0000	690.0000	899.0000	252.0000	277.0000	98.0000	837.0000	0.7767	0.0718	0.0490	0.0388	0.0102	0.0084	0.0066	0.0054	0.0043	0.0026	1	36	
147	528	0.1539381444454193	680	3.294808864593506	528.0000	371.0000	433.0000	861.0000	310.0000	924.0000	347.0000	245.0000	582.0000	205.0000	0.1539	0.1324	0.0941	0.0709	0.0528	0.0479	0.0412	0.0400	0.0393	0.0304	108	36	
148	38	0.5896116495132446	680	1.5060861110687256	38.0000	853.0000	96.0000	54.0000	349.0000	575.0000	617.0000	74.0000	412.0000	203.0000	0.5896	0.1681	0.0815	0.0654	0.0222	0.0147	0.0114	0.0067	0.0064	0.0031	30	37	
149	832	0.7625176906585693	680	0.7901912927627563	832.0000	96.0000	371.0000	861.0000	567.0000	353.0000	680.0000	899.0000	392.0000	679.0000	0.7625	0.1654	0.0520	0.0077	0.0021	0.0011	0.0009	0.0009	0.0008	0.0008	6	37	
150	203	0.5471421480178833	680	1.6376895904541016	203.0000	680.0000	832.0000	690.0000	252.0000	854.0000	899.0000	679.0000	98.0000	692.0000	0.5471	0.1894	0.1006	0.0413	0.0300	0.0136	0.0117	0.0089	0.0076	0.0053	1	37	
151	371	0.2078428417444229	680	3.2391719818115234	371.0000	433.0000	861.0000	205.0000	582.0000	245.0000	528.0000	924.0000	310.0000	171.0000	0.2078	0.1398	0.1135	0.0614	0.0430	0.0324	0.0322	0.0280	0.0261	0.0260	80	37	
152	853	0.1577015370130539	680	2.860239267349243	853.0000	349.0000	54.0000	575.0000	38.0000	96.0000	412.0000	203.0000	395.0000	74.0000	0.1577	0.1521	0.1228	0.1011	0.0946	0.0767	0.0577	0.0329	0.0244	0.0152	34	38	
153	832	0.5949904322624207	680	1.1629029512405396	832.0000	96.0000	371.0000	567.0000	861.0000	899.0000	651.0000	353.0000	375.0000	392.0000	0.5950	0.2613	0.1011	0.0086	0.0038	0.0038	0.0037	0.0032	0.0019	0.0016	10	38	
154	203	0.5513694882392883	680	1.6115458011627197	203.0000	680.0000	832.0000	854.0000	252.0000	690.0000	899.0000	277.0000	679.0000	837.0000	0.5514	0.1449	0.1081	0.0992	0.0169	0.0159	0.0098	0.0065	0.0056	0.0049	1	38	
155	433	0.2467760294675827	680	3.121060848236084	433.0000	371.0000	582.0000	245.0000	528.0000	707.0000	354.0000	205.0000	924.0000	908.0000	0.2468	0.1584	0.0943	0.0396	0.0387	0.0380	0.0356	0.0347	0.0268	0.0209	96	38	
156	575	0.4338107407093048	680	2.2994141578674316	575.0000	853.0000	96.0000	54.0000	349.0000	412.0000	38.0000	203.0000	675.0000	81.0000	0.4338	0.0718	0.0718	0.0694	0.0647	0.0594	0.0591	0.0295	0.0267	0.0103	27	39	
157	832	0.7834028601646423	680	0.6971030235290527	832.0000	96.0000	371.0000	567.0000	651.0000	54.0000	392.0000	861.0000	899.0000	121.0000	0.7834	0.1759	0.0248	0.0057	0.0016	0.0011	0.0011	0.0008	0.0008	0.0007	13	39	
158	203	0.5568792223930359	680	1.6232731342315674	203.0000	832.0000	680.0000	854.0000	690.0000	252.0000	277.0000	692.0000	98.0000	679.0000	0.5569	0.1599	0.1086	0.0515	0.0409	0.0184	0.0085	0.0055	0.0055	0.0053	2	39	
159	371	0.2235342264175415	680	3.115142822265625	371.0000	433.0000	924.0000	245.0000	528.0000	354.0000	205.0000	582.0000	171.0000	861.0000	0.2235	0.1522	0.1246	0.0695	0.0362	0.0297	0.0277	0.0274	0.0250	0.0244	89	39	
160	853	0.209365576505661	680	2.625990152359009	853.0000	575.0000	349.0000	54.0000	412.0000	38.0000	675.0000	74.0000	96.0000	395.0000	0.2094	0.1819	0.1483	0.0948	0.0556	0.0540	0.0450	0.0375	0.0347	0.0149	39	40	
161	832	0.6773104667663574	680	0.7858821749687195	832.0000	96.0000	371.0000	567.0000	861.0000	899.0000	651.0000	679.0000	392.0000	353.0000	0.6773	0.2935	0.0162	0.0031	0.0015	0.0012	0.0010	0.0007	0.0006	0.0005	12	40	
162	203	0.6075239181518555	680	1.4748735427856445	203.0000	832.0000	680.0000	854.0000	252.0000	690.0000	98.0000	277.0000	692.0000	899.0000	0.6075	0.1386	0.1126	0.0355	0.0305	0.0215	0.0072	0.0060	0.0053	0.0041	2	40	
163	433	0.21994252502918243	680	3.126546859741211	433.0000	371.0000	528.0000	245.0000	861.0000	582.0000	908.0000	354.0000	427.0000	171.0000	0.2199	0.1677	0.0994	0.0673	0.0398	0.0385	0.0381	0.0303	0.0250	0.0224	81	40	
164	575	0.23277738690376282	680	2.4046120643615723	575.0000	38.0000	54.0000	349.0000	853.0000	96.0000	675.0000	74.0000	412.0000	81.0000	0.2328	0.1970	0.1957	0.0774	0.0649	0.0489	0.0249	0.0242	0.0241	0.0112	32	41	
165	832	0.9318750500679016	680	0.31452155113220215	832.0000	96.0000	371.0000	567.0000	54.0000	899.0000	392.0000	347.0000	679.0000	861.0000	0.9319	0.0539	0.0061	0.0031	0.0009	0.0005	0.0004	0.0004	0.0004	0.0004	14	41	
166	203	0.5770774483680725	680	1.5776379108428955	203.0000	832.0000	680.0000	690.0000	252.0000	854.0000	98.0000	692.0000	679.0000	899.0000	0.5771	0.1188	0.1108	0.0817	0.0260	0.0197	0.0147	0.0085	0.0052	0.0046	2	41	
167	371	0.28536826372146606	680	2.935042381286621	371.0000	433.0000	245.0000	528.0000	582.0000	861.0000	205.0000	924.0000	310.0000	354.0000	0.2854	0.1527	0.0708	0.0514	0.0489	0.0429	0.0422	0.0416	0.0274	0.0218	89	41	
168	853	0.30406635999679565	680	2.193805694580078	853.0000	38.0000	54.0000	96.0000	349.0000	617.0000	575.0000	74.0000	364.0000	412.0000	0.3041	0.2755	0.1560	0.0377	0.0320	0.0312	0.0286	0.0192	0.0156	0.0127	31	42	
169	832	0.9108853936195374	680	0.4594569504261017	832.0000	371.0000	96.0000	861.0000	567.0000	899.0000	54.0000	392.0000	375.0000	679.0000	0.9109	0.0438	0.0226	0.0052	0.0037	0.0020	0.0019	0.0012	0.0009	0.0009	15	42	
170	203	0.42102405428886414	680	1.9538958072662354	203.0000	832.0000	680.0000	690.0000	854.0000	252.0000	692.0000	98.0000	899.0000	353.0000	0.4210	0.1834	0.1423	0.0732	0.0488	0.0396	0.0115	0.0106	0.0096	0.0066	2	42	
171	371	0.357317179441452	680	2.776937484741211	371.0000	582.0000	433.0000	861.0000	245.0000	924.0000	205.0000	354.0000	528.0000	171.0000	0.3573	0.1058	0.0794	0.0737	0.0554	0.0425	0.0361	0.0274	0.0213	0.0171	69	42	
172	54	0.19491644203662872	680	2.753570795059204	54.0000	575.0000	38.0000	349.0000	853.0000	96.0000	74.0000	675.0000	203.0000	395.0000	0.1949	0.1947	0.1191	0.1080	0.0580	0.0409	0.0346	0.0332	0.0276	0.0234	27	43	
173	832	0.9727708697319031	680	0.1768149882555008	832.0000	96.0000	371.0000	861.0000	567.0000	899.0000	392.0000	679.0000	651.0000	347.0000	0.9728	0.0117	0.0084	0.0011	0.0008	0.0008	0.0006	0.0005	0.0004	0.0004	12	43	
174	203	0.3595536947250366	680	1.9018712043762207	203.0000	832.0000	690.0000	680.0000	854.0000	252.0000	98.0000	692.0000	679.0000	277.0000	0.3596	0.2802	0.0926	0.0845	0.0748	0.0327	0.0129	0.0106	0.0092	0.0078	3	43	
175	433	0.1661403924226761	680	3.3163528442382812	433.0000	371.0000	861.0000	354.0000	582.0000	205.0000	310.0000	245.0000	707.0000	522.0000	0.1661	0.1312	0.0992	0.0768	0.0583	0.0524	0.0369	0.0335	0.0303	0.0243	59	43	
176	395	0.14032766222953796	680	3.139392852783203	395.0000	38.0000	54.0000	853.0000	96.0000	74.0000	349.0000	675.0000	203.0000	412.0000	0.1403	0.1384	0.1073	0.0917	0.0519	0.0514	0.0476	0.0421	0.0343	0.0334	40	44	
177	832	0.9871203303337097	680	0.09187136590480804	832.0000	96.0000	371.0000	567.0000	861.0000	347.0000	899.0000	679.0000	651.0000	121.0000	0.9871	0.0064	0.0028	0.0009	0.0005	0.0005	0.0003	0.0002	0.0002	0.0002	16	44	
178	203	0.4742721915245056	680	1.833040475845337	203.0000	832.0000	690.0000	854.0000	680.0000	679.0000	252.0000	98.0000	692.0000	456.0000	0.4743	0.1942	0.0886	0.0748	0.0570	0.0209	0.0179	0.0173	0.0069	0.0049	4	44	
179	861	0.3544694483280182	680	2.7542028427124023	861.0000	371.0000	433.0000	205.0000	582.0000	354.0000	245.0000	310.0000	347.0000	824.0000	0.3545	0.1522	0.0875	0.0572	0.0281	0.0269	0.0268	0.0241	0.0227	0.0157	63	44	
180	54	0.32695597410202026	680	2.449519634246826	54.0000	853.0000	38.0000	675.0000	349.0000	575.0000	833.0000	74.0000	412.0000	81.0000	0.3270	0.1689	0.1552	0.0644	0.0536	0.0240	0.0202	0.0170	0.0138	0.0137	38	45	
181	832	0.943444550037384	680	0.3250693380832672	832.0000	96.0000	371.0000	567.0000	347.0000	861.0000	651.0000	392.0000	899.0000	121.0000	0.9434	0.0241	0.0164	0.0046	0.0017	0.0013	0.0010	0.0009	0.0009	0.0008	16	45	
182	203	0.2913210093975067	680	2.117372989654541	203.0000	832.0000	690.0000	680.0000	854.0000	252.0000	692.0000	679.0000	98.0000	353.0000	0.2913	0.2911	0.1141	0.0690	0.0524	0.0458	0.0252	0.0250	0.0247	0.0106	3	45	
183	861	0.19228237867355347	680	2.9895994663238525	861.0000	433.0000	371.0000	205.0000	528.0000	354.0000	824.0000	582.0000	245.0000	347.0000	0.1923	0.1890	0.1465	0.0876	0.0429	0.0378	0.0250	0.0208	0.0207	0.0192	53	45	
184	38	0.28776443004608154	680	2.483687162399292	38.0000	575.0000	54.0000	349.0000	833.0000	412.0000	675.0000	853.0000	96.0000	203.0000	0.2878	0.1921	0.1722	0.0417	0.0322	0.0322	0.0306	0.0299	0.0181	0.0175	27	46	
185	832	0.9026831388473511	680	0.4474394619464874	832.0000	96.0000	371.0000	899.0000	567.0000	121.0000	353.0000	375.0000	679.0000	861.0000	0.9027	0.0672	0.0132	0.0031	0.0028	0.0019	0.0018	0.0011	0.0009	0.0008	17	46	
186	203	0.45097699761390686	680	1.84536612033844	203.0000	832.0000	690.0000	680.0000	854.0000	252.0000	679.0000	692.0000	353.0000	98.0000	0.4510	0.2465	0.0748	0.0543	0.0412	0.0231	0.0211	0.0201	0.0126	0.0114	3	46	
187	205	0.2528899013996124	680	2.678724765777588	205.0000	371.0000	861.0000	433.0000	354.0000	824.0000	171.0000	245.0000	528.0000	707.0000	0.2529	0.1910	0.1483	0.1077	0.0413	0.0256	0.0210	0.0207	0.0155	0.0123	64	46	
188	575	0.30638012290000916	680	2.769794464111328	575.0000	853.0000	54.0000	96.0000	412.0000	38.0000	349.0000	833.0000	74.0000	617.0000	0.3064	0.0855	0.0781	0.0770	0.0582	0.0558	0.0507	0.0366	0.0326	0.0286	25	47	
189	832	0.5982674956321716	680	0.9176143407821655	832.0000	96.0000	371.0000	567.0000	899.0000	679.0000	353.0000	347.0000	121.0000	375.0000	0.5983	0.3553	0.0214	0.0069	0.0048	0.0021	0.0012	0.0012	0.0012	0.0008	17	47	
190	203	0.2784852385520935	680	2.142812728881836	203.0000	832.0000	854.0000	680.0000	690.0000	252.0000	98.0000	692.0000	679.0000	353.0000	0.2785	0.2638	0.1369	0.0885	0.0764	0.0319	0.0190	0.0178	0.0153	0.0131	3	47	
191	371	0.21950110793113708	680	3.2469544410705566	371.0000	528.0000	205.0000	433.0000	861.0000	924.0000	245.0000	171.0000	354.0000	868.0000	0.2195	0.1055	0.1042	0.0736	0.0621	0.0345	0.0335	0.0329	0.0310	0.0303	61	47	
192	54	0.3334721624851227	680	2.5107262134552	54.0000	38.0000	96.0000	349.0000	575.0000	617.0000	412.0000	853.0000	74.0000	395.0000	0.3335	0.1526	0.0832	0.0742	0.0677	0.0442	0.0413	0.0378	0.0228	0.0182	30	48	
193	832	0.5003171563148499	680	0.9248217940330505	832.0000	96.0000	371.0000	567.0000	899.0000	861.0000	353.0000	679.0000	392.0000	375.0000	0.5003	0.4568	0.0236	0.0039	0.0028	0.0017	0.0015	0.0014	0.0010	0.0009	16	48	
194	203	0.46660947799682617	680	1.8601360321044922	203.0000	832.0000	854.0000	680.0000	690.0000	252.0000	98.0000	347.0000	692.0000	899.0000	0.4666	0.1714	0.1097	0.0970	0.0374	0.0282	0.0121	0.0113	0.0083	0.0081	3	48	
195	433	0.17723782360553741	680	3.1007206439971924	433.0000	371.0000	528.0000	861.0000	205.0000	171.0000	245.0000	354.0000	824.0000	310.0000	0.1772	0.1517	0.0919	0.0868	0.0710	0.0620	0.0528	0.0397	0.0348	0.0255	73	48	
196	38	0.29569458961486816	680	2.564046859741211	38.0000	54.0000	96.0000	74.0000	203.0000	349.0000	617.0000	853.0000	575.0000	412.0000	0.2957	0.1463	0.1185	0.0769	0.0672	0.0623	0.0393	0.0365	0.0192	0.0183	27	49	
197	832	0.6860566735267639	680	0.9269708395004272	832.0000	96.0000	371.0000	899.0000	567.0000	861.0000	353.0000	679.0000	54.0000	121.0000	0.6861	0.2448	0.0383	0.0050	0.0039	0.0030	0.0026	0.0023	0.0022	0.0021	15	49	
198	203	0.4823926091194153	680	1.7862268686294556	203.0000	854.0000	832.0000	690.0000	680.0000	252.0000	692.0000	353.0000	98.0000	277.0000	0.4824	0.1760	0.1006	0.0671	0.0614	0.0419	0.0143	0.0124	0.0049	0.0043	4	49	
199	861	0.18815982341766357	680	2.926353693008423	861.0000	371.0000	205.0000	433.0000	245.0000	310.0000	354.0000	824.0000	171.0000	924.0000	0.1882	0.1700	0.1423	0.1316	0.0410	0.0341	0.0272	0.0240	0.0228	0.0158	72	49	
200	853	0.12020348757505417	680	3.0607972145080566	853.0000	861.0000	412.0000	54.0000	575.0000	38.0000	96.0000	675.0000	349.0000	203.0000	0.1202	0.1156	0.1057	0.0952	0.0870	0.0779	0.0635	0.0477	0.0366	0.0311	30	50	
201	96	0.4452655613422394	680	1.263974905014038	96.0000	832.0000	371.0000	567.0000	861.0000	353.0000	679.0000	375.0000	392.0000	899.0000	0.4453	0.4060	0.0965	0.0090	0.0080	0.0055	0.0034	0.0034	0.0031	0.0030	17	50	
202	203	0.3327616751194	680	2.2955093383789062	203.0000	832.0000	690.0000	680.0000	353.0000	854.0000	252.0000	692.0000	679.0000	899.0000	0.3328	0.1889	0.1093	0.0801	0.0679	0.0603	0.0335	0.0320	0.0127	0.0078	3	50	
203	433	0.22636663913726807	680	2.741910934448242	433.0000	861.0000	371.0000	205.0000	824.0000	354.0000	245.0000	45.0000	528.0000	171.0000	0.2264	0.2101	0.0954	0.0850	0.0787	0.0471	0.0337	0.0285	0.0206	0.0198	73	50	
204	54	0.242988720536232	680	2.7224855422973633	54.0000	575.0000	38.0000	675.0000	349.0000	96.0000	395.0000	81.0000	412.0000	853.0000	0.2430	0.1869	0.1084	0.1079	0.0507	0.0324	0.0258	0.0225	0.0220	0.0193	33	51	
205	832	0.8259826302528381	680	0.719830334186554	832.0000	96.0000	371.0000	567.0000	899.0000	353.0000	375.0000	121.0000	679.0000	609.0000	0.8260	0.1195	0.0137	0.0101	0.0053	0.0038	0.0032	0.0026	0.0025	0.0016	20	51	
206	832	0.35128965973854065	680	1.927917718887329	832.0000	203.0000	854.0000	680.0000	690.0000	98.0000	252.0000	353.0000	899.0000	679.0000	0.3513	0.3206	0.1011	0.0803	0.0263	0.0164	0.0141	0.0111	0.0092	0.0079	3	51	
207	433	0.26250508427619934	680	3.206268787384033	433.0000	205.0000	861.0000	245.0000	371.0000	824.0000	354.0000	528.0000	310.0000	171.0000	0.2625	0.0978	0.0729	0.0701	0.0482	0.0380	0.0359	0.0298	0.0274	0.0217	75	51	
208	54	0.5830142498016357	680	1.7758017778396606	54.0000	38.0000	675.0000	96.0000	617.0000	349.0000	74.0000	575.0000	853.0000	412.0000	0.5830	0.1564	0.0406	0.0300	0.0270	0.0264	0.0207	0.0178	0.0134	0.0085	31	52	
209	832	0.8790956139564514	680	0.6280736923217773	832.0000	96.0000	899.0000	371.0000	567.0000	679.0000	353.0000	609.0000	861.0000	347.0000	0.8791	0.0636	0.0107	0.0094	0.0048	0.0046	0.0035	0.0028	0.0023	0.0022	17	52	
210	203	0.35602936148643494	680	2.159069061279297	203.0000	832.0000	854.0000	680.0000	690.0000	252.0000	679.0000	98.0000	353.0000	899.0000	0.3560	0.2132	0.1603	0.0857	0.0259	0.0178	0.0172	0.0152	0.0115	0.0094	3	52	
211	433	0.16368286311626434	680	3.2324564456939697	433.0000	861.0000	205.0000	824.0000	245.0000	371.0000	354.0000	528.0000	310.0000	171.0000	0.1637	0.1265	0.1110	0.1053	0.0983	0.0363	0.0344	0.0239	0.0231	0.0221	61	52	
212	54	0.6737846732139587	680	1.0886913537979126	54.0000	38.0000	617.0000	853.0000	96.0000	675.0000	870.0000	74.0000	575.0000	833.0000	0.6738	0.2379	0.0148	0.0103	0.0086	0.0077	0.0069	0.0060	0.0056	0.0033	17	53	
213	96	0.4329163432121277	680	1.660910964012146	96.0000	832.0000	371.0000	353.0000	375.0000	567.0000	899.0000	679.0000	121.0000	609.0000	0.4329	0.3503	0.0553	0.0408	0.0184	0.0169	0.0122	0.0082	0.0081	0.0071	14	53	
214	854	0.3068256676197052	680	2.1256847381591797	854.0000	203.0000	832.0000	680.0000	690.0000	252.0000	692.0000	353.0000	277.0000	837.0000	0.3068	0.1795	0.1770	0.1204	0.0599	0.0510	0.0245	0.0166	0.0074	0.0055	3	53	
215	433	0.2746008634567261	680	3.090836524963379	433.0000	245.0000	205.0000	371.0000	861.0000	824.0000	354.0000	924.0000	582.0000	347.0000	0.2746	0.1351	0.0663	0.0613	0.0587	0.0468	0.0336	0.0252	0.0206	0.0195	63	53	
216	575	0.24987685680389404	680	2.6746506690979004	575.0000	38.0000	349.0000	675.0000	54.0000	617.0000	412.0000	203.0000	74.0000	395.0000	0.2499	0.1480	0.1454	0.1058	0.0729	0.0412	0.0269	0.0255	0.0182	0.0143	20	54	
217	832	0.896813154220581	680	0.5423223972320557	832.0000	96.0000	371.0000	679.0000	899.0000	861.0000	680.0000	353.0000	567.0000	690.0000	0.8968	0.0411	0.0280	0.0085	0.0068	0.0020	0.0016	0.0015	0.0013	0.0012	6	54	
218	203	0.4760501980781555	680	1.8010648488998413	203.0000	690.0000	854.0000	680.0000	252.0000	832.0000	692.0000	679.0000	98.0000	277.0000	0.4761	0.1528	0.1453	0.0588	0.0520	0.0409	0.0152	0.0097	0.0081	0.0051	3	54	
219	245	0.17887099087238312	680	3.3313355445861816	245.0000	433.0000	371.0000	861.0000	171.0000	528.0000	354.0000	205.0000	824.0000	582.0000	0.1789	0.1306	0.0928	0.0676	0.0590	0.0456	0.0445	0.0380	0.0372	0.0235	56	54	
220	38	0.4206639528274536	680	2.4495439529418945	38.0000	349.0000	575.0000	74.0000	617.0000	54.0000	853.0000	96.0000	412.0000	833.0000	0.4207	0.0947	0.0884	0.0740	0.0537	0.0348	0.0299	0.0255	0.0205	0.0147	18	55	
221	832	0.8021348118782043	680	0.7065047025680542	832.0000	96.0000	371.0000	679.0000	899.0000	567.0000	861.0000	873.0000	54.0000	680.0000	0.8021	0.1514	0.0241	0.0053	0.0032	0.0017	0.0013	0.0010	0.0008	0.0008	9	55	
222	203	0.6100125908851624	680	1.6218459606170654	203.0000	854.0000	690.0000	680.0000	832.0000	252.0000	692.0000	679.0000	98.0000	899.0000	0.6100	0.0894	0.0806	0.0533	0.0435	0.0293	0.0259	0.0125	0.0109	0.0081	3	55	
223	433	0.14945413172245026	680	3.3433327674865723	433.0000	205.0000	245.0000	371.0000	861.0000	310.0000	528.0000	354.0000	824.0000	171.0000	0.1495	0.1290	0.0992	0.0861	0.0608	0.0549	0.0535	0.0389	0.0307	0.0261	51	55	
224	54	0.5040075182914734	680	1.983320713043213	54.0000	38.0000	96.0000	617.0000	575.0000	74.0000	853.0000	349.0000	833.0000	675.0000	0.5040	0.1622	0.0618	0.0411	0.0402	0.0376	0.0352	0.0155	0.0121	0.0119	26	56	
225	832	0.666038453578949	680	1.029782772064209	832.0000	96.0000	371.0000	679.0000	567.0000	899.0000	54.0000	375.0000	392.0000	121.0000	0.6660	0.2352	0.0488	0.0231	0.0055	0.0025	0.0023	0.0019	0.0017	0.0011	18	56	
226	203	0.3008086085319519	680	2.1860508918762207	203.0000	854.0000	690.0000	832.0000	680.0000	252.0000	692.0000	353.0000	679.0000	837.0000	0.3008	0.1824	0.1647	0.0986	0.0614	0.0545	0.0413	0.0229	0.0204	0.0064	4	56	
227	433	0.18687820434570312	680	3.328179359436035	433.0000	371.0000	354.0000	205.0000	171.0000	245.0000	310.0000	861.0000	824.0000	924.0000	0.1869	0.1280	0.0938	0.0810	0.0607	0.0389	0.0381	0.0272	0.0249	0.0230	67	56	
228	575	0.46091312170028687	680	2.410433292388916	575.0000	38.0000	675.0000	54.0000	349.0000	818.0000	833.0000	617.0000	853.0000	96.0000	0.4609	0.0704	0.0663	0.0534	0.0529	0.0319	0.0317	0.0314	0.0258	0.0227	19	57	
229	832	0.6475391983985901	680	1.1008265018463135	832.0000	96.0000	371.0000	567.0000	899.0000	679.0000	861.0000	375.0000	54.0000	353.0000	0.6475	0.2366	0.0698	0.0058	0.0055	0.0049	0.0046	0.0025	0.0024	0.0024	10	57	
230	203	0.47056126594543457	680	2.110555648803711	203.0000	680.0000	832.0000	854.0000	690.0000	899.0000	353.0000	679.0000	837.0000	515.0000	0.4706	0.1484	0.0876	0.0676	0.0442	0.0298	0.0210	0.0118	0.0102	0.0090	1	57	
231	205	0.1548313945531845	680	3.4882664680480957	205.0000	861.0000	371.0000	171.0000	433.0000	354.0000	245.0000	310.0000	824.0000	924.0000	0.1548	0.1334	0.1029	0.0729	0.0607	0.0558	0.0403	0.0271	0.0221	0.0169	46	57	
232	575	0.2882077097892761	680	2.6601696014404297	575.0000	54.0000	96.0000	38.0000	675.0000	861.0000	349.0000	74.0000	412.0000	203.0000	0.2882	0.2208	0.0765	0.0433	0.0432	0.0358	0.0358	0.0336	0.0241	0.0228	32	58	
233	832	0.6961881518363953	680	0.9604020118713379	832.0000	96.0000	371.0000	861.0000	121.0000	899.0000	679.0000	609.0000	567.0000	54.0000	0.6962	0.2253	0.0380	0.0117	0.0050	0.0033	0.0025	0.0023	0.0016	0.0016	15	58	
234	203	0.5299505591392517	680	1.8266541957855225	203.0000	690.0000	832.0000	680.0000	854.0000	252.0000	899.0000	692.0000	353.0000	679.0000	0.5300	0.1271	0.0876	0.0803	0.0492	0.0216	0.0216	0.0152	0.0093	0.0067	3	58	
235	861	0.2792036533355713	680	3.005713701248169	861.0000	205.0000	371.0000	433.0000	310.0000	171.0000	96.0000	824.0000	347.0000	924.0000	0.2792	0.1338	0.1316	0.0398	0.0361	0.0351	0.0324	0.0265	0.0252	0.0220	40	58	
236	54	0.24012309312820435	680	2.8458690643310547	54.0000	38.0000	575.0000	349.0000	675.0000	818.0000	203.0000	96.0000	74.0000	737.0000	0.2401	0.1654	0.1370	0.1004	0.0490	0.0229	0.0217	0.0204	0.0172	0.0161	27	59	
237	832	0.7785384058952332	680	0.8946048021316528	832.0000	96.0000	371.0000	861.0000	54.0000	679.0000	567.0000	609.0000	899.0000	121.0000	0.7785	0.1384	0.0307	0.0089	0.0056	0.0049	0.0041	0.0040	0.0035	0.0033	17	59	
238	203	0.48710450530052185	680	1.8354322910308838	203.0000	832.0000	690.0000	680.0000	854.0000	252.0000	679.0000	692.0000	899.0000	98.0000	0.4871	0.1507	0.1080	0.1074	0.0314	0.0217	0.0183	0.0165	0.0073	0.0068	3	59	
239	205	0.186233788728714	680	3.2417802810668945	205.0000	861.0000	371.0000	528.0000	433.0000	310.0000	824.0000	347.0000	245.0000	171.0000	0.1862	0.1550	0.0847	0.0795	0.0658	0.0390	0.0350	0.0310	0.0259	0.0256	63	59	
240	38	0.1908860057592392	680	3.0577917098999023	38.0000	575.0000	54.0000	675.0000	349.0000	96.0000	74.0000	833.0000	737.0000	203.0000	0.1909	0.1396	0.1388	0.0893	0.0736	0.0256	0.0238	0.0236	0.0223	0.0214	31	60	
241	832	0.8364242911338806	680	0.7094329595565796	832.0000	96.0000	371.0000	861.0000	679.0000	899.0000	121.0000	54.0000	567.0000	609.0000	0.8364	0.1051	0.0224	0.0048	0.0035	0.0032	0.0028	0.0027	0.0026	0.0023	16	60	
242	203	0.5029737949371338	680	1.767586350440979	203.0000	832.0000	680.0000	690.0000	854.0000	252.0000	692.0000	679.0000	98.0000	899.0000	0.5030	0.1663	0.1259	0.0639	0.0387	0.0222	0.0122	0.0113	0.0072	0.0065	2	60	
243	205	0.14174112677574158	680	3.279888868331909	205.0000	433.0000	861.0000	528.0000	371.0000	310.0000	171.0000	245.0000	824.0000	354.0000	0.1417	0.1276	0.1196	0.0929	0.0787	0.0430	0.0398	0.0320	0.0315	0.0207	60	60	
244	54	0.2790229320526123	680	2.665900468826294	54.0000	38.0000	575.0000	349.0000	675.0000	74.0000	96.0000	853.0000	203.0000	818.0000	0.2790	0.2210	0.1130	0.0543	0.0459	0.0281	0.0225	0.0182	0.0173	0.0171	33	61	
245	832	0.8318591117858887	680	0.6644585728645325	832.0000	96.0000	371.0000	899.0000	679.0000	54.0000	861.0000	567.0000	121.0000	609.0000	0.8319	0.1259	0.0139	0.0036	0.0035	0.0030	0.0025	0.0024	0.0019	0.0015	17	61	
246	203	0.5080551505088806	680	1.7893640995025635	203.0000	832.0000	680.0000	690.0000	854.0000	252.0000	692.0000	679.0000	899.0000	98.0000	0.5081	0.1578	0.1036	0.0815	0.0399	0.0215	0.0145	0.0141	0.0083	0.0081	2	61	
247	205	0.13652139902114868	680	3.409393787384033	205.0000	861.0000	433.0000	371.0000	528.0000	171.0000	824.0000	310.0000	245.0000	924.0000	0.1365	0.1296	0.0937	0.0903	0.0596	0.0565	0.0399	0.0383	0.0372	0.0210	58	61	
248	54	0.2616766393184662	680	2.6451034545898438	54.0000	38.0000	575.0000	349.0000	96.0000	675.0000	74.0000	833.0000	412.0000	203.0000	0.2617	0.2041	0.1302	0.0522	0.0514	0.0501	0.0275	0.0225	0.0174	0.0170	27	62	
249	832	0.6471939086914062	680	0.9816237092018127	832.0000	96.0000	371.0000	899.0000	679.0000	567.0000	121.0000	609.0000	54.0000	861.0000	0.6472	0.2893	0.0249	0.0059	0.0049	0.0030	0.0030	0.0027	0.0024	0.0023	17	62	
250	203	0.5075809359550476	680	1.8301500082015991	203.0000	680.0000	832.0000	690.0000	854.0000	252.0000	679.0000	899.0000	353.0000	692.0000	0.5076	0.1301	0.1262	0.0715	0.0509	0.0202	0.0152	0.0122	0.0083	0.0078	1	62	
251	861	0.11658864468336105	680	3.4833481311798096	861.0000	205.0000	371.0000	433.0000	171.0000	528.0000	310.0000	824.0000	245.0000	924.0000	0.1166	0.1135	0.1101	0.1005	0.0563	0.0405	0.0396	0.0379	0.0333	0.0311	56	62	
252	38	0.27146005630493164	680	2.6223950386047363	38.0000	54.0000	575.0000	96.0000	349.0000	74.0000	675.0000	203.0000	617.0000	853.0000	0.2715	0.2125	0.1100	0.0724	0.0485	0.0364	0.0359	0.0220	0.0167	0.0160	31	63	
253	832	0.4617140293121338	680	1.1704816818237305	832.0000	96.0000	371.0000	899.0000	679.0000	861.0000	567.0000	121.0000	54.0000	609.0000	0.4617	0.4453	0.0414	0.0070	0.0063	0.0047	0.0038	0.0034	0.0032	0.0025	16	63	
254	203	0.5538017153739929	680	1.7528375387191772	203.0000	680.0000	832.0000	690.0000	854.0000	252.0000	679.0000	899.0000	692.0000	353.0000	0.5538	0.1158	0.0895	0.0731	0.0575	0.0211	0.0136	0.0112	0.0087	0.0068	1	63	
255	861	0.1431632786989212	680	3.3843531608581543	861.0000	371.0000	205.0000	433.0000	528.0000	171.0000	310.0000	96.0000	245.0000	924.0000	0.1432	0.1259	0.1109	0.0842	0.0564	0.0485	0.0394	0.0308	0.0290	0.0278	54	63	
256	38	0.2631237506866455	680	2.800464630126953	38.0000	54.0000	349.0000	575.0000	96.0000	74.0000	853.0000	675.0000	617.0000	203.0000	0.2631	0.2203	0.0616	0.0568	0.0465	0.0350	0.0299	0.0280	0.0274	0.0261	30	64	
257	832	0.6613423824310303	680	1.0319371223449707	832.0000	96.0000	371.0000	861.0000	899.0000	679.0000	567.0000	54.0000	121.0000	609.0000	0.6613	0.2544	0.0400	0.0063	0.0048	0.0042	0.0036	0.0032	0.0027	0.0023	16	64	
258	203	0.5102339386940002	680	1.8315995931625366	203.0000	832.0000	680.0000	690.0000	854.0000	252.0000	679.0000	692.0000	899.0000	98.0000	0.5102	0.1328	0.1087	0.0892	0.0418	0.0221	0.0161	0.0120	0.0091	0.0070	2	64	
259	861	0.13123178482055664	680	3.347503662109375	861.0000	371.0000	433.0000	205.0000	171.0000	528.0000	245.0000	824.0000	310.0000	354.0000	0.1312	0.1226	0.1162	0.1138	0.0444	0.0441	0.0392	0.0368	0.0322	0.0239	57	64	
260	54	0.26261284947395325	680	2.62168288230896	54.0000	38.0000	575.0000	96.0000	74.0000	349.0000	675.0000	412.0000	833.0000	203.0000	0.2626	0.2112	0.1104	0.0621	0.0588	0.0490	0.0331	0.0232	0.0221	0.0203	29	65	
261	832	0.5665440559387207	680	1.0679701566696167	832.0000	96.0000	371.0000	899.0000	679.0000	567.0000	861.0000	121.0000	609.0000	375.0000	0.5665	0.3605	0.0293	0.0067	0.0045	0.0039	0.0035	0.0034	0.0032	0.0030	17	65	
262	203	0.5161932110786438	680	1.8145904541015625	203.0000	680.0000	832.0000	854.0000	690.0000	252.0000	899.0000	679.0000	692.0000	353.0000	0.5162	0.1402	0.1183	0.0567	0.0540	0.0210	0.0140	0.0110	0.0083	0.0075	1	65	
263	861	0.18852122128009796	680	3.266486883163452	861.0000	371.0000	205.0000	433.0000	310.0000	171.0000	824.0000	96.0000	528.0000	245.0000	0.1885	0.1307	0.1008	0.0724	0.0574	0.0450	0.0411	0.0304	0.0282	0.0261	43	65	
264	54	0.2629337012767792	680	2.568227529525757	54.0000	38.0000	575.0000	96.0000	349.0000	74.0000	675.0000	833.0000	412.0000	853.0000	0.2629	0.2438	0.0974	0.0539	0.0485	0.0444	0.0305	0.0295	0.0233	0.0197	29	66	
265	832	0.5059423446655273	680	1.1223945617675781	832.0000	96.0000	371.0000	899.0000	679.0000	861.0000	567.0000	121.0000	609.0000	54.0000	0.5059	0.4100	0.0380	0.0081	0.0057	0.0036	0.0035	0.0033	0.0029	0.0023	16	66	
266	203	0.5502616167068481	680	1.8102526664733887	203.0000	680.0000	832.0000	690.0000	854.0000	252.0000	692.0000	899.0000	679.0000	98.0000	0.5503	0.1030	0.0941	0.0696	0.0502	0.0294	0.0148	0.0132	0.0122	0.0079	1	66	
267	861	0.15803726017475128	680	3.2431960105895996	861.0000	371.0000	205.0000	433.0000	171.0000	310.0000	824.0000	96.0000	245.0000	528.0000	0.1580	0.1376	0.1339	0.0967	0.0365	0.0361	0.0355	0.0333	0.0320	0.0309	51	66	
268	38	0.32146787643432617	680	2.5955443382263184	38.0000	54.0000	96.0000	575.0000	74.0000	349.0000	675.0000	853.0000	617.0000	203.0000	0.3215	0.2057	0.0666	0.0572	0.0495	0.0366	0.0285	0.0248	0.0245	0.0218	28	67	
269	832	0.6510989665985107	680	1.0651320219039917	832.0000	96.0000	371.0000	899.0000	679.0000	567.0000	861.0000	609.0000	54.0000	121.0000	0.6511	0.2572	0.0443	0.0077	0.0055	0.0041	0.0038	0.0029	0.0028	0.0027	17	67	
270	203	0.5163484811782837	680	1.860376000404358	203.0000	680.0000	832.0000	854.0000	690.0000	252.0000	692.0000	679.0000	899.0000	98.0000	0.5163	0.1072	0.1041	0.0779	0.0695	0.0300	0.0121	0.0115	0.0103	0.0067	1	67	
271	371	0.14849457144737244	680	3.21140193939209	371.0000	861.0000	205.0000	433.0000	171.0000	245.0000	310.0000	528.0000	824.0000	96.0000	0.1485	0.1396	0.1340	0.0984	0.0522	0.0396	0.0394	0.0379	0.0265	0.0210	58	67	
272	54	0.2470429390668869	680	2.7393460273742676	54.0000	38.0000	575.0000	349.0000	96.0000	675.0000	74.0000	833.0000	617.0000	412.0000	0.2470	0.1565	0.1414	0.0623	0.0581	0.0562	0.0453	0.0221	0.0220	0.0187	30	68	
273	96	0.4667893052101135	680	1.0766029357910156	96.0000	832.0000	371.0000	899.0000	679.0000	567.0000	121.0000	54.0000	375.0000	861.0000	0.4668	0.4626	0.0298	0.0055	0.0053	0.0039	0.0033	0.0031	0.0028	0.0027	18	68	
274	203	0.4729558527469635	680	1.9532779455184937	203.0000	680.0000	690.0000	832.0000	854.0000	252.0000	679.0000	692.0000	353.0000	98.0000	0.4730	0.1297	0.1148	0.0937	0.0459	0.0353	0.0155	0.0122	0.0110	0.0105	1	68	
275	861	0.20659951865673065	680	3.173208713531494	861.0000	371.0000	205.0000	433.0000	171.0000	310.0000	824.0000	245.0000	96.0000	528.0000	0.2066	0.1267	0.1249	0.0809	0.0571	0.0388	0.0285	0.0284	0.0273	0.0231	41	68	
276	38	0.2213360220193863	680	2.983214855194092	38.0000	54.0000	575.0000	96.0000	349.0000	74.0000	617.0000	853.0000	675.0000	833.0000	0.2213	0.1501	0.0784	0.0771	0.0620	0.0520	0.0387	0.0376	0.0324	0.0278	27	69	
277	832	0.7549570202827454	680	0.8505183458328247	832.0000	96.0000	371.0000	899.0000	679.0000	861.0000	121.0000	567.0000	392.0000	609.0000	0.7550	0.1860	0.0209	0.0067	0.0065	0.0027	0.0023	0.0023	0.0020	0.0017	18	69	
278	203	0.513039767742157	680	1.8452719449996948	203.0000	832.0000	680.0000	690.0000	854.0000	252.0000	679.0000	692.0000	899.0000	98.0000	0.5130	0.1278	0.1054	0.0795	0.0509	0.0286	0.0171	0.0100	0.0092	0.0075	2	69	
279	861	0.14902940392494202	680	3.347386598587036	861.0000	205.0000	371.0000	433.0000	310.0000	171.0000	528.0000	245.0000	824.0000	354.0000	0.1490	0.1415	0.1239	0.0760	0.0472	0.0419	0.0377	0.0327	0.0250	0.0227	56	69	
280	38	0.4097994863986969	680	2.374340295791626	38.0000	54.0000	575.0000	96.0000	74.0000	675.0000	349.0000	853.0000	617.0000	833.0000	0.4098	0.1421	0.0788	0.0668	0.0551	0.0298	0.0281	0.0249	0.0211	0.0200	30	70	
281	832	0.4746834635734558	680	1.0909799337387085	832.0000	96.0000	371.0000	679.0000	899.0000	567.0000	54.0000	121.0000	861.0000	375.0000	0.4747	0.4528	0.0281	0.0062	0.0054	0.0047	0.0038	0.0033	0.0033	0.0028	18	70	
282	203	0.47411683201789856	680	1.9699386358261108	203.0000	832.0000	690.0000	680.0000	854.0000	252.0000	679.0000	692.0000	899.0000	353.0000	0.4741	0.1138	0.1117	0.1102	0.0486	0.0322	0.0199	0.0117	0.0095	0.0076	3	70	
283	205	0.1447993963956833	680	3.4164199829101562	205.0000	371.0000	861.0000	433.0000	171.0000	245.0000	96.0000	528.0000	310.0000	824.0000	0.1448	0.1171	0.1059	0.0754	0.0601	0.0448	0.0421	0.0409	0.0380	0.0237	50	70	
284	38	0.40085670351982117	680	2.453062057495117	38.0000	54.0000	74.0000	575.0000	349.0000	96.0000	833.0000	675.0000	853.0000	617.0000	0.4009	0.1445	0.0605	0.0591	0.0486	0.0451	0.0289	0.0259	0.0233	0.0203	27	71	
285	832	0.6615941524505615	680	1.0444178581237793	832.0000	96.0000	371.0000	861.0000	679.0000	899.0000	567.0000	54.0000	121.0000	392.0000	0.6616	0.2492	0.0444	0.0059	0.0049	0.0047	0.0033	0.0031	0.0030	0.0020	16	71	
286	203	0.4357118308544159	680	2.016580104827881	203.0000	832.0000	680.0000	690.0000	854.0000	252.0000	692.0000	679.0000	98.0000	353.0000	0.4357	0.1310	0.1197	0.0991	0.0640	0.0470	0.0166	0.0142	0.0103	0.0080	2	71	
287	205	0.14898617565631866	680	3.2652664184570312	205.0000	861.0000	433.0000	371.0000	171.0000	245.0000	824.0000	310.0000	528.0000	354.0000	0.1490	0.1278	0.1223	0.1122	0.0518	0.0438	0.0378	0.0367	0.0254	0.0201	55	71	
288	38	0.3454386293888092	680	2.480565071105957	38.0000	54.0000	96.0000	575.0000	74.0000	349.0000	833.0000	853.0000	675.0000	617.0000	0.3454	0.1954	0.0659	0.0653	0.0446	0.0362	0.0295	0.0285	0.0251	0.0245	28	72	
289	832	0.4910595417022705	680	1.1584101915359497	832.0000	96.0000	371.0000	899.0000	679.0000	861.0000	121.0000	375.0000	567.0000	609.0000	0.4911	0.4148	0.0446	0.0063	0.0058	0.0046	0.0042	0.0038	0.0034	0.0030	18	72	
290	203	0.532090961933136	680	1.7738101482391357	203.0000	680.0000	690.0000	832.0000	854.0000	252.0000	679.0000	692.0000	899.0000	353.0000	0.5321	0.1220	0.0892	0.0836	0.0505	0.0398	0.0127	0.0109	0.0091	0.0072	1	72	
291	861	0.15233007073402405	680	3.1129589080810547	861.0000	371.0000	205.0000	433.0000	171.0000	310.0000	824.0000	528.0000	245.0000	354.0000	0.1523	0.1417	0.1392	0.1240	0.0472	0.0417	0.0360	0.0291	0.0271	0.0250	45	72	
292	38	0.32446351647377014	680	2.5589962005615234	38.0000	54.0000	575.0000	74.0000	96.0000	349.0000	675.0000	853.0000	617.0000	412.0000	0.3245	0.1518	0.1119	0.0598	0.0564	0.0522	0.0340	0.0212	0.0206	0.0199	33	73	
293	832	0.6021357774734497	680	1.1105480194091797	832.0000	96.0000	371.0000	899.0000	679.0000	861.0000	567.0000	121.0000	375.0000	54.0000	0.6021	0.3065	0.0398	0.0085	0.0062	0.0050	0.0044	0.0037	0.0029	0.0028	17	73	
294	203	0.5409941077232361	680	1.7944145202636719	203.0000	680.0000	690.0000	832.0000	854.0000	252.0000	692.0000	679.0000	899.0000	98.0000	0.5410	0.1074	0.0855	0.0809	0.0612	0.0347	0.0134	0.0104	0.0095	0.0072	1	73	
295	205	0.1715240329504013	680	3.162993907928467	205.0000	861.0000	371.0000	433.0000	245.0000	171.0000	310.0000	528.0000	824.0000	354.0000	0.1715	0.1628	0.1216	0.0825	0.0430	0.0429	0.0370	0.0353	0.0308	0.0207	50	73	
296	38	0.3054414391517639	680	2.754366397857666	38.0000	54.0000	575.0000	96.0000	349.0000	74.0000	675.0000	617.0000	853.0000	833.0000	0.3054	0.1167	0.0838	0.0686	0.0671	0.0581	0.0398	0.0268	0.0261	0.0242	31	74	
297	832	0.5831014513969421	680	1.0948688983917236	832.0000	96.0000	371.0000	899.0000	679.0000	121.0000	861.0000	54.0000	567.0000	375.0000	0.5831	0.3316	0.0391	0.0076	0.0059	0.0043	0.0037	0.0029	0.0029	0.0023	18	74	
298	203	0.49874448776245117	680	1.8937163352966309	203.0000	690.0000	854.0000	680.0000	832.0000	252.0000	692.0000	679.0000	899.0000	353.0000	0.4987	0.1106	0.0912	0.0871	0.0778	0.0406	0.0159	0.0107	0.0094	0.0067	3	74	
299	861	0.167955681681633	680	3.152940273284912	861.0000	371.0000	205.0000	433.0000	171.0000	528.0000	245.0000	310.0000	96.0000	354.0000	0.1680	0.1524	0.1435	0.0825	0.0485	0.0386	0.0341	0.0338	0.0222	0.0207	44	74	
300	38	0.371051549911499	680	2.492873191833496	38.0000	54.0000	575.0000	349.0000	74.0000	675.0000	96.0000	833.0000	617.0000	818.0000	0.3711	0.1297	0.1120	0.0587	0.0464	0.0435	0.0354	0.0213	0.0205	0.0171	30	75	
301	832	0.6826792359352112	680	1.0485986471176147	832.0000	96.0000	371.0000	899.0000	679.0000	121.0000	861.0000	567.0000	375.0000	392.0000	0.6827	0.2224	0.0431	0.0086	0.0075	0.0044	0.0032	0.0031	0.0027	0.0025	19	75	
302	203	0.5047009587287903	680	1.8867807388305664	203.0000	690.0000	680.0000	832.0000	854.0000	252.0000	692.0000	679.0000	98.0000	899.0000	0.5047	0.1004	0.0927	0.0870	0.0845	0.0347	0.0166	0.0122	0.0078	0.0077	2	75	
303	205	0.16313131153583527	680	3.253749370574951	205.0000	371.0000	861.0000	433.0000	171.0000	528.0000	245.0000	824.0000	310.0000	354.0000	0.1631	0.1324	0.1128	0.0923	0.0669	0.0511	0.0497	0.0262	0.0246	0.0225	54	75	
304	38	0.27659350633621216	680	2.715970516204834	38.0000	575.0000	54.0000	349.0000	74.0000	675.0000	96.0000	833.0000	853.0000	617.0000	0.2766	0.1750	0.0825	0.0663	0.0565	0.0549	0.0428	0.0317	0.0216	0.0204	37	76	
305	832	0.6923974752426147	680	0.985045313835144	832.0000	96.0000	371.0000	899.0000	679.0000	121.0000	567.0000	861.0000	392.0000	375.0000	0.6924	0.2338	0.0270	0.0072	0.0070	0.0039	0.0035	0.0030	0.0027	0.0022	20	76	
306	203	0.5099348425865173	680	1.8690186738967896	203.0000	854.0000	680.0000	690.0000	832.0000	252.0000	692.0000	679.0000	899.0000	353.0000	0.5099	0.1124	0.0895	0.0867	0.0741	0.0334	0.0148	0.0109	0.0091	0.0071	2	76	
307	205	0.12590014934539795	680	3.467723846435547	205.0000	371.0000	861.0000	433.0000	528.0000	245.0000	171.0000	310.0000	354.0000	824.0000	0.1259	0.1228	0.1077	0.0901	0.0499	0.0494	0.0476	0.0375	0.0299	0.0220	61	76	
308	38	0.4045425355434418	680	2.3575856685638428	38.0000	54.0000	575.0000	96.0000	74.0000	675.0000	853.0000	349.0000	833.0000	617.0000	0.4045	0.1413	0.0967	0.0551	0.0510	0.0322	0.0291	0.0277	0.0239	0.0174	33	77	
309	832	0.7146269083023071	680	0.9737094640731812	832.0000	96.0000	371.0000	899.0000	679.0000	861.0000	121.0000	567.0000	392.0000	375.0000	0.7146	0.1985	0.0418	0.0074	0.0058	0.0038	0.0037	0.0028	0.0026	0.0026	20	77	
310	203	0.5211421251296997	680	1.8203240633010864	203.0000	680.0000	690.0000	832.0000	854.0000	252.0000	692.0000	679.0000	899.0000	353.0000	0.5211	0.0971	0.0963	0.0955	0.0686	0.0334	0.0146	0.0110	0.0104	0.0074	1	77	
311	205	0.15791456401348114	680	3.248134136199951	205.0000	371.0000	861.0000	433.0000	171.0000	245.0000	528.0000	354.0000	310.0000	824.0000	0.1579	0.1486	0.1121	0.0884	0.0602	0.0600	0.0357	0.0276	0.0225	0.0215	53	77	
312	38	0.44613876938819885	680	2.295368194580078	38.0000	54.0000	96.0000	575.0000	74.0000	833.0000	853.0000	675.0000	349.0000	617.0000	0.4461	0.1022	0.0887	0.0641	0.0535	0.0389	0.0276	0.0246	0.0202	0.0178	27	78	
313	832	0.6010538339614868	680	1.042866826057434	832.0000	96.0000	371.0000	679.0000	899.0000	567.0000	121.0000	861.0000	375.0000	54.0000	0.6011	0.3286	0.0257	0.0079	0.0072	0.0037	0.0035	0.0031	0.0023	0.0022	17	78	
314	203	0.4858545958995819	680	1.934733510017395	203.0000	690.0000	680.0000	854.0000	832.0000	252.0000	679.0000	692.0000	899.0000	353.0000	0.4859	0.1013	0.0996	0.0902	0.0867	0.0365	0.0146	0.0140	0.0095	0.0069	2	78	
315	861	0.13216225802898407	680	3.356340169906616	861.0000	205.0000	371.0000	433.0000	171.0000	245.0000	354.0000	824.0000	310.0000	528.0000	0.1322	0.1263	0.1183	0.1152	0.0608	0.0447	0.0375	0.0284	0.0249	0.0235	49	78	
316	38	0.3735092282295227	680	2.603455066680908	38.0000	575.0000	54.0000	96.0000	74.0000	675.0000	833.0000	349.0000	853.0000	617.0000	0.3735	0.1002	0.0922	0.0589	0.0491	0.0401	0.0374	0.0358	0.0295	0.0210	34	79	
317	832	0.8132075071334839	680	0.8058449029922485	832.0000	96.0000	371.0000	679.0000	899.0000	121.0000	861.0000	375.0000	392.0000	567.0000	0.8132	0.1078	0.0303	0.0110	0.0094	0.0035	0.0026	0.0022	0.0021	0.0021	22	79	
318	203	0.4954586923122406	680	1.904228925704956	203.0000	690.0000	854.0000	680.0000	832.0000	252.0000	679.0000	692.0000	899.0000	353.0000	0.4955	0.0974	0.0953	0.0923	0.0856	0.0360	0.0160	0.0134	0.0101	0.0064	3	79	
319	205	0.17396710813045502	680	3.3114895820617676	205.0000	371.0000	861.0000	433.0000	245.0000	171.0000	310.0000	528.0000	354.0000	824.0000	0.1740	0.1355	0.1069	0.0935	0.0528	0.0444	0.0332	0.0277	0.0247	0.0238	53	79	
320	38	0.4493427276611328	680	2.376473903656006	38.0000	54.0000	575.0000	74.0000	349.0000	675.0000	96.0000	833.0000	853.0000	617.0000	0.4493	0.1126	0.0552	0.0438	0.0431	0.0391	0.0380	0.0342	0.0271	0.0200	31	80	
321	832	0.7825139164924622	680	0.8470526337623596	832.0000	96.0000	371.0000	899.0000	679.0000	861.0000	121.0000	567.0000	375.0000	609.0000	0.7825	0.1454	0.0281	0.0077	0.0065	0.0037	0.0033	0.0028	0.0027	0.0022	19	80	
322	203	0.5016739964485168	680	1.8991713523864746	203.0000	690.0000	680.0000	832.0000	854.0000	252.0000	692.0000	679.0000	899.0000	98.0000	0.5017	0.0980	0.0897	0.0862	0.0804	0.0465	0.0183	0.0134	0.0086	0.0079	2	80	
323	861	0.1466088891029358	680	3.1991543769836426	861.0000	205.0000	371.0000	433.0000	171.0000	245.0000	528.0000	824.0000	354.0000	310.0000	0.1466	0.1408	0.1272	0.1178	0.0546	0.0391	0.0378	0.0327	0.0292	0.0285	54	80	
324	38	0.5095171928405762	680	2.2163708209991455	38.0000	575.0000	54.0000	74.0000	96.0000	675.0000	853.0000	349.0000	833.0000	364.0000	0.5095	0.0701	0.0600	0.0523	0.0465	0.0410	0.0280	0.0232	0.0201	0.0167	37	81	
325	832	0.775029718875885	680	0.9058368802070618	832.0000	96.0000	371.0000	899.0000	679.0000	861.0000	121.0000	392.0000	375.0000	567.0000	0.7750	0.1359	0.0384	0.0077	0.0076	0.0044	0.0039	0.0033	0.0031	0.0025	21	81	
326	203	0.5324554443359375	680	1.8354275226593018	203.0000	690.0000	680.0000	832.0000	854.0000	252.0000	692.0000	679.0000	899.0000	98.0000	0.5325	0.1240	0.0795	0.0711	0.0571	0.0390	0.0150	0.0141	0.0075	0.0074	2	81	
327	861	0.16194909811019897	680	3.145998001098633	861.0000	205.0000	371.0000	433.0000	171.0000	528.0000	245.0000	908.0000	354.0000	824.0000	0.1619	0.1566	0.1370	0.0840	0.0660	0.0472	0.0381	0.0244	0.0234	0.0221	56	81	
328	38	0.3489367365837097	680	2.6236743927001953	38.0000	575.0000	54.0000	833.0000	349.0000	675.0000	96.0000	74.0000	853.0000	617.0000	0.3489	0.1125	0.0751	0.0632	0.0550	0.0545	0.0462	0.0460	0.0223	0.0171	34	82	
329	832	0.701621949672699	680	0.9909118413925171	832.0000	96.0000	371.0000	899.0000	679.0000	121.0000	375.0000	567.0000	609.0000	861.0000	0.7016	0.2195	0.0276	0.0094	0.0081	0.0048	0.0041	0.0032	0.0027	0.0027	21	82	
330	203	0.5080822110176086	680	1.8913395404815674	203.0000	680.0000	690.0000	832.0000	854.0000	252.0000	692.0000	679.0000	98.0000	353.0000	0.5081	0.1004	0.0977	0.0896	0.0632	0.0384	0.0177	0.0123	0.0096	0.0094	1	82	
331	205	0.14325939118862152	680	3.290526866912842	205.0000	433.0000	371.0000	861.0000	245.0000	171.0000	824.0000	528.0000	354.0000	310.0000	0.1433	0.1317	0.1161	0.1014	0.0510	0.0503	0.0435	0.0402	0.0367	0.0285	49	82	
332	38	0.4197923541069031	680	2.4986958503723145	38.0000	575.0000	54.0000	833.0000	74.0000	96.0000	349.0000	675.0000	853.0000	617.0000	0.4198	0.0763	0.0651	0.0607	0.0481	0.0448	0.0393	0.0379	0.0314	0.0215	27	83	
333	832	0.6248656511306763	680	1.1502151489257812	832.0000	96.0000	371.0000	899.0000	679.0000	121.0000	375.0000	567.0000	609.0000	861.0000	0.6249	0.2700	0.0417	0.0116	0.0084	0.0058	0.0058	0.0040	0.0034	0.0033	22	83	
334	203	0.46255332231521606	680	1.9705586433410645	203.0000	690.0000	680.0000	832.0000	854.0000	252.0000	692.0000	679.0000	353.0000	899.0000	0.4626	0.1520	0.0936	0.0793	0.0583	0.0460	0.0202	0.0156	0.0101	0.0091	2	83	
335	205	0.16237010061740875	680	3.204521894454956	205.0000	371.0000	433.0000	861.0000	528.0000	171.0000	245.0000	310.0000	354.0000	908.0000	0.1624	0.1381	0.1134	0.1110	0.0499	0.0492	0.0355	0.0298	0.0282	0.0247	58	83	
336	38	0.3599533438682556	680	2.6581671237945557	38.0000	54.0000	575.0000	833.0000	349.0000	74.0000	96.0000	675.0000	853.0000	617.0000	0.3600	0.0855	0.0816	0.0683	0.0500	0.0423	0.0417	0.0412	0.0384	0.0237	27	84	
337	832	0.6069127917289734	680	1.3224754333496094	832.0000	96.0000	371.0000	899.0000	679.0000	121.0000	861.0000	375.0000	567.0000	609.0000	0.6069	0.2283	0.0799	0.0140	0.0131	0.0064	0.0059	0.0056	0.0045	0.0039	20	84	
338	203	0.4573048949241638	680	1.978002905845642	203.0000	690.0000	680.0000	832.0000	854.0000	252.0000	692.0000	679.0000	899.0000	353.0000	0.4573	0.1380	0.0924	0.0809	0.0778	0.0508	0.0223	0.0133	0.0082	0.0078	2	84	
339	205	0.15901045501232147	680	3.136444091796875	205.0000	433.0000	371.0000	861.0000	171.0000	245.0000	528.0000	310.0000	354.0000	824.0000	0.1590	0.1563	0.1328	0.0956	0.0523	0.0455	0.0440	0.0288	0.0287	0.0204	58	84	
340	38	0.28667476773262024	680	2.826836109161377	38.0000	575.0000	833.0000	675.0000	96.0000	54.0000	74.0000	349.0000	853.0000	412.0000	0.2867	0.1121	0.0835	0.0700	0.0636	0.0498	0.0468	0.0409	0.0316	0.0217	28	85	
341	832	0.6095319986343384	680	1.208185076713562	832.0000	96.0000	371.0000	679.0000	899.0000	121.0000	375.0000	861.0000	567.0000	392.0000	0.6095	0.2698	0.0494	0.0128	0.0122	0.0070	0.0049	0.0044	0.0036	0.0033	20	85	
342	203	0.4542727470397949	680	1.975644826889038	203.0000	690.0000	680.0000	832.0000	854.0000	252.0000	692.0000	679.0000	899.0000	353.0000	0.4543	0.1378	0.1070	0.0942	0.0582	0.0442	0.0199	0.0155	0.0088	0.0085	2	85	
343	861	0.15230964124202728	680	3.2163515090942383	861.0000	205.0000	371.0000	433.0000	528.0000	245.0000	171.0000	310.0000	824.0000	354.0000	0.1523	0.1383	0.1185	0.1183	0.0505	0.0428	0.0410	0.0310	0.0300	0.0204	54	85	
344	38	0.4659214913845062	680	2.2975800037384033	38.0000	54.0000	96.0000	74.0000	575.0000	833.0000	853.0000	675.0000	349.0000	617.0000	0.4659	0.0821	0.0619	0.0572	0.0563	0.0459	0.0343	0.0287	0.0281	0.0215	27	86	
345	832	0.6634476780891418	680	1.1004999876022339	832.0000	96.0000	371.0000	899.0000	679.0000	121.0000	375.0000	861.0000	567.0000	609.0000	0.6634	0.2293	0.0476	0.0144	0.0083	0.0049	0.0039	0.0037	0.0033	0.0032	19	86	
346	203	0.5009465217590332	680	1.9299585819244385	203.0000	680.0000	832.0000	690.0000	854.0000	252.0000	899.0000	692.0000	679.0000	353.0000	0.5009	0.1066	0.0939	0.0905	0.0704	0.0296	0.0149	0.0143	0.0129	0.0080	1	86	
347	205	0.18274742364883423	680	3.1264266967773438	205.0000	861.0000	371.0000	433.0000	245.0000	528.0000	171.0000	824.0000	354.0000	310.0000	0.1827	0.1598	0.1310	0.0824	0.0472	0.0458	0.0411	0.0267	0.0247	0.0206	50	86	
348	38	0.2103545069694519	680	2.8269400596618652	38.0000	575.0000	349.0000	54.0000	675.0000	74.0000	96.0000	833.0000	412.0000	853.0000	0.2104	0.1973	0.1058	0.0900	0.0518	0.0486	0.0305	0.0260	0.0244	0.0198	35	87	
349	832	0.7436105608940125	680	0.9891361594200134	832.0000	96.0000	371.0000	899.0000	679.0000	121.0000	861.0000	392.0000	375.0000	567.0000	0.7436	0.1555	0.0426	0.0116	0.0091	0.0046	0.0037	0.0034	0.0032	0.0024	23	87	
350	203	0.47525402903556824	680	1.9617249965667725	203.0000	854.0000	690.0000	680.0000	832.0000	252.0000	692.0000	679.0000	899.0000	353.0000	0.4753	0.1189	0.1089	0.0812	0.0730	0.0357	0.0185	0.0144	0.0114	0.0082	3	87	
351	205	0.2114950567483902	680	3.007157564163208	205.0000	861.0000	371.0000	433.0000	528.0000	245.0000	171.0000	310.0000	824.0000	354.0000	0.2115	0.1315	0.1186	0.0949	0.0581	0.0545	0.0390	0.0380	0.0296	0.0177	68	87	
352	38	0.46452200412750244	680	2.237236976623535	38.0000	54.0000	575.0000	74.0000	349.0000	833.0000	96.0000	853.0000	675.0000	412.0000	0.4645	0.1243	0.0726	0.0492	0.0447	0.0384	0.0312	0.0204	0.0200	0.0158	27	88	
353	832	0.7102915644645691	680	0.9727115631103516	832.0000	96.0000	371.0000	899.0000	679.0000	567.0000	121.0000	375.0000	392.0000	609.0000	0.7103	0.2060	0.0361	0.0099	0.0097	0.0038	0.0035	0.0026	0.0021	0.0016	22	88	
354	203	0.4695073366165161	680	1.976486086845398	203.0000	690.0000	854.0000	832.0000	680.0000	252.0000	679.0000	692.0000	899.0000	353.0000	0.4695	0.1154	0.1006	0.0864	0.0857	0.0346	0.0201	0.0152	0.0096	0.0093	4	88	
355	205	0.1507253497838974	680	3.254633903503418	205.0000	371.0000	861.0000	433.0000	171.0000	245.0000	528.0000	310.0000	824.0000	354.0000	0.1507	0.1322	0.1259	0.0933	0.0508	0.0494	0.0436	0.0358	0.0314	0.0231	48	88	
356	38	0.36023926734924316	680	2.623932361602783	38.0000	54.0000	833.0000	74.0000	853.0000	96.0000	575.0000	349.0000	617.0000	675.0000	0.3602	0.1135	0.0783	0.0593	0.0473	0.0459	0.0415	0.0376	0.0261	0.0242	29	89	
357	832	0.5479961633682251	680	1.3037970066070557	832.0000	96.0000	371.0000	899.0000	679.0000	375.0000	121.0000	567.0000	609.0000	861.0000	0.5480	0.3149	0.0542	0.0190	0.0136	0.0066	0.0058	0.0051	0.0037	0.0034	23	89	
358	203	0.4603849947452545	680	1.9862008094787598	203.0000	854.0000	680.0000	690.0000	832.0000	252.0000	679.0000	692.0000	899.0000	353.0000	0.4604	0.1505	0.0968	0.0804	0.0661	0.0413	0.0128	0.0124	0.0104	0.0101	2	89	
359	205	0.17497272789478302	680	3.21492600440979	205.0000	861.0000	433.0000	371.0000	310.0000	245.0000	528.0000	824.0000	171.0000	354.0000	0.1750	0.1248	0.1137	0.1118	0.0455	0.0386	0.0385	0.0363	0.0303	0.0262	59	89	
360	38	0.2004135698080063	680	2.8756768703460693	38.0000	575.0000	833.0000	675.0000	54.0000	74.0000	349.0000	96.0000	412.0000	853.0000	0.2004	0.1579	0.1019	0.0990	0.0692	0.0524	0.0503	0.0274	0.0257	0.0227	28	90	
361	832	0.6707001328468323	680	1.0848636627197266	832.0000	96.0000	371.0000	899.0000	679.0000	375.0000	567.0000	121.0000	609.0000	861.0000	0.6707	0.2289	0.0398	0.0145	0.0088	0.0044	0.0043	0.0039	0.0031	0.0025	20	90	
362	203	0.425773024559021	680	2.0585148334503174	203.0000	854.0000	680.0000	832.0000	690.0000	252.0000	692.0000	353.0000	679.0000	899.0000	0.4258	0.1586	0.1061	0.0832	0.0743	0.0420	0.0125	0.0124	0.0116	0.0089	2	90	
363	205	0.18643270432949066	680	3.200040102005005	205.0000	861.0000	371.0000	433.0000	245.0000	171.0000	310.0000	528.0000	354.0000	824.0000	0.1864	0.1200	0.1060	0.0979	0.0552	0.0477	0.0428	0.0394	0.0318	0.0278	54	90	
364	38	0.30347079038619995	680	2.7433714866638184	38.0000	54.0000	575.0000	74.0000	833.0000	349.0000	96.0000	675.0000	853.0000	617.0000	0.3035	0.1081	0.0865	0.0758	0.0592	0.0538	0.0445	0.0403	0.0265	0.0263	26	91	
365	832	0.6619775891304016	680	1.10475754737854	832.0000	96.0000	371.0000	899.0000	679.0000	375.0000	121.0000	567.0000	609.0000	392.0000	0.6620	0.2324	0.0434	0.0151	0.0092	0.0048	0.0047	0.0038	0.0030	0.0024	21	91	
366	203	0.45549124479293823	680	2.018186092376709	203.0000	854.0000	680.0000	832.0000	690.0000	252.0000	692.0000	679.0000	353.0000	899.0000	0.4555	0.1101	0.1041	0.0925	0.0868	0.0439	0.0144	0.0142	0.0100	0.0093	2	91	
367	205	0.15185225009918213	680	3.2764134407043457	205.0000	861.0000	371.0000	433.0000	245.0000	528.0000	310.0000	171.0000	824.0000	354.0000	0.1519	0.1232	0.1170	0.0929	0.0570	0.0517	0.0431	0.0401	0.0316	0.0250	53	91	
368	38	0.32118600606918335	680	2.655278205871582	38.0000	54.0000	575.0000	833.0000	675.0000	74.0000	349.0000	96.0000	853.0000	617.0000	0.3212	0.1145	0.1003	0.0708	0.0644	0.0546	0.0408	0.0349	0.0214	0.0195	29	92	
369	832	0.7405089735984802	680	0.9397297501564026	832.0000	96.0000	371.0000	899.0000	679.0000	121.0000	375.0000	567.0000	609.0000	392.0000	0.7405	0.1784	0.0302	0.0122	0.0075	0.0039	0.0036	0.0029	0.0022	0.0021	20	92	
370	203	0.40972262620925903	680	2.076969623565674	203.0000	854.0000	832.0000	680.0000	690.0000	252.0000	692.0000	679.0000	353.0000	899.0000	0.4097	0.1430	0.1118	0.1097	0.0777	0.0434	0.0125	0.0122	0.0108	0.0093	3	92	
371	205	0.16935156285762787	680	3.263648748397827	205.0000	861.0000	371.0000	433.0000	245.0000	310.0000	171.0000	528.0000	824.0000	354.0000	0.1694	0.1301	0.1148	0.0926	0.0463	0.0422	0.0411	0.0407	0.0336	0.0306	51	92	
372	38	0.3277795612812042	680	2.7450923919677734	38.0000	54.0000	833.0000	74.0000	575.0000	675.0000	349.0000	96.0000	853.0000	412.0000	0.3278	0.0848	0.0822	0.0757	0.0654	0.0434	0.0409	0.0368	0.0304	0.0278	27	93	
373	832	0.6738697290420532	680	1.1542361974716187	832.0000	96.0000	371.0000	899.0000	679.0000	375.0000	121.0000	567.0000	609.0000	392.0000	0.6739	0.2072	0.0415	0.0179	0.0127	0.0057	0.0054	0.0038	0.0037	0.0032	22	93	
374	203	0.4752165377140045	680	1.9842456579208374	203.0000	854.0000	680.0000	690.0000	832.0000	252.0000	692.0000	679.0000	353.0000	899.0000	0.4752	0.1251	0.0876	0.0821	0.0797	0.0442	0.0141	0.0137	0.0091	0.0085	2	93	
375	205	0.1323385238647461	680	3.3710761070251465	205.0000	433.0000	861.0000	371.0000	824.0000	245.0000	310.0000	528.0000	171.0000	354.0000	0.1323	0.1262	0.1083	0.1056	0.0469	0.0452	0.0429	0.0388	0.0366	0.0301	53	93	
376	38	0.3903769850730896	680	2.635807514190674	38.0000	54.0000	74.0000	575.0000	833.0000	349.0000	675.0000	96.0000	853.0000	203.0000	0.3904	0.0784	0.0731	0.0527	0.0526	0.0431	0.0384	0.0341	0.0270	0.0239	29	94	
377	832	0.6676928997039795	680	1.1330291032791138	832.0000	96.0000	371.0000	679.0000	899.0000	121.0000	392.0000	567.0000	375.0000	861.0000	0.6677	0.2199	0.0451	0.0122	0.0116	0.0048	0.0043	0.0039	0.0037	0.0036	23	94	
378	203	0.5001488924026489	680	1.918426513671875	203.0000	854.0000	832.0000	690.0000	680.0000	252.0000	679.0000	692.0000	347.0000	899.0000	0.5001	0.1395	0.0803	0.0732	0.0727	0.0309	0.0166	0.0095	0.0082	0.0079	4	94	
379	205	0.13714028894901276	680	3.2831687927246094	205.0000	433.0000	861.0000	371.0000	171.0000	245.0000	528.0000	310.0000	354.0000	908.0000	0.1371	0.1258	0.1048	0.1030	0.0565	0.0542	0.0531	0.0452	0.0293	0.0232	59	94	
380	38	0.324385404586792	680	2.627467155456543	38.0000	833.0000	54.0000	575.0000	74.0000	349.0000	675.0000	96.0000	853.0000	412.0000	0.3244	0.1100	0.1088	0.0811	0.0501	0.0436	0.0406	0.0331	0.0280	0.0260	25	95	
381	832	0.6238614916801453	680	1.1820659637451172	832.0000	96.0000	371.0000	899.0000	679.0000	375.0000	121.0000	861.0000	609.0000	567.0000	0.6239	0.2598	0.0448	0.0187	0.0091	0.0056	0.0051	0.0044	0.0041	0.0031	18	95	
382	203	0.4585264325141907	680	1.998583197593689	203.0000	680.0000	854.0000	832.0000	690.0000	252.0000	692.0000	679.0000	353.0000	899.0000	0.4585	0.1199	0.0999	0.0885	0.0843	0.0448	0.0129	0.0127	0.0118	0.0106	1	95	
383	861	0.216993510723114	680	3.0767667293548584	861.0000	205.0000	371.0000	433.0000	824.0000	245.0000	310.0000	528.0000	171.0000	354.0000	0.2170	0.1676	0.1133	0.0653	0.0415	0.0354	0.0351	0.0350	0.0346	0.0217	46	95	
384	38	0.2540868818759918	680	2.8662877082824707	38.0000	575.0000	54.0000	74.0000	349.0000	833.0000	675.0000	96.0000	853.0000	617.0000	0.2541	0.1239	0.1071	0.0693	0.0683	0.0460	0.0389	0.0374	0.0336	0.0281	28	96	
385	832	0.6681227087974548	680	1.0553359985351562	832.0000	96.0000	371.0000	899.0000	679.0000	567.0000	121.0000	375.0000	861.0000	609.0000	0.6681	0.2396	0.0380	0.0135	0.0093	0.0034	0.0033	0.0025	0.0024	0.0023	20	96	
386	203	0.42774122953414917	680	2.0862135887145996	203.0000	832.0000	854.0000	680.0000	690.0000	252.0000	679.0000	692.0000	98.0000	899.0000	0.4277	0.1200	0.1193	0.1027	0.0725	0.0429	0.0147	0.0142	0.0093	0.0092	3	96	
387	205	0.1448405534029007	680	3.345146656036377	205.0000	861.0000	371.0000	433.0000	245.0000	171.0000	528.0000	310.0000	824.0000	354.0000	0.1448	0.1189	0.1116	0.0887	0.0563	0.0556	0.0518	0.0414	0.0305	0.0235	52	96	
388	38	0.3255884051322937	680	2.62637996673584	38.0000	54.0000	575.0000	74.0000	833.0000	349.0000	96.0000	675.0000	853.0000	617.0000	0.3256	0.1316	0.0864	0.0578	0.0554	0.0522	0.0480	0.0411	0.0273	0.0241	27	97	
389	832	0.6840587854385376	680	1.051928162574768	832.0000	96.0000	371.0000	899.0000	679.0000	121.0000	375.0000	567.0000	609.0000	392.0000	0.6841	0.2180	0.0382	0.0170	0.0109	0.0043	0.0035	0.0032	0.0022	0.0019	19	97	
390	203	0.4767644703388214	680	2.005636215209961	203.0000	854.0000	680.0000	690.0000	832.0000	252.0000	679.0000	899.0000	692.0000	353.0000	0.4768	0.0986	0.0972	0.0892	0.0854	0.0373	0.0178	0.0129	0.0121	0.0120	2	97	
391	205	0.1682332158088684	680	3.243042230606079	205.0000	861.0000	371.0000	433.0000	245.0000	824.0000	528.0000	171.0000	310.0000	354.0000	0.1682	0.1473	0.1230	0.0810	0.0459	0.0423	0.0366	0.0352	0.0302	0.0262	41	97	
392	38	0.299898236989975	680	2.804877281188965	38.0000	575.0000	54.0000	833.0000	74.0000	349.0000	675.0000	96.0000	853.0000	412.0000	0.2999	0.0935	0.0778	0.0746	0.0597	0.0593	0.0562	0.0386	0.0264	0.0231	29	98	
393	832	0.6922213435173035	680	1.1110424995422363	832.0000	96.0000	371.0000	899.0000	679.0000	121.0000	375.0000	567.0000	861.0000	392.0000	0.6922	0.1884	0.0492	0.0165	0.0122	0.0054	0.0048	0.0031	0.0029	0.0028	21	98	
394	203	0.4780515134334564	680	1.9866414070129395	203.0000	854.0000	680.0000	832.0000	690.0000	252.0000	679.0000	692.0000	353.0000	899.0000	0.4781	0.0998	0.0964	0.0930	0.0858	0.0386	0.0150	0.0126	0.0109	0.0099	2	98	
395	205	0.17753364145755768	680	3.1982338428497314	205.0000	861.0000	371.0000	433.0000	528.0000	245.0000	824.0000	310.0000	171.0000	354.0000	0.1775	0.1461	0.1114	0.0916	0.0475	0.0453	0.0378	0.0376	0.0322	0.0235	56	98	
396	38	0.2751104235649109	680	2.8814258575439453	38.0000	54.0000	833.0000	575.0000	74.0000	349.0000	675.0000	96.0000	412.0000	853.0000	0.2751	0.0843	0.0841	0.0755	0.0643	0.0620	0.0498	0.0387	0.0324	0.0304	22	99	
397	832	0.7709769010543823	680	0.9429609775543213	832.0000	96.0000	371.0000	899.0000	679.0000	121.0000	375.0000	567.0000	861.0000	392.0000	0.7710	0.1316	0.0382	0.0112	0.0094	0.0045	0.0042	0.0033	0.0030	0.0030	22	99	
398	203	0.4582584500312805	680	1.9956600666046143	203.0000	854.0000	680.0000	832.0000	690.0000	252.0000	692.0000	679.0000	353.0000	899.0000	0.4583	0.1091	0.0985	0.0972	0.0940	0.0421	0.0134	0.0128	0.0099	0.0080	2	99	
399	205	0.18232478201389313	680	3.191612720489502	205.0000	861.0000	371.0000	433.0000	245.0000	824.0000	171.0000	528.0000	310.0000	354.0000	0.1823	0.1344	0.1162	0.0906	0.0507	0.0410	0.0382	0.0350	0.0347	0.0313	52	99	
